pais;anio;acceso_electricidad_pt;capacidad_renovable_total_w_persona;capacidad_renovable_bioenergia_w_persona;capacidad_renovable_geotermica_w_persona;capacidad_renovable_hidroelectrica_w_persona;capacidad_renovable_marina_w_persona;capacidad_renovable_solar_w_persona;capacidad_renovable_eolica_w_persona;acceso_combustibles_tecnologias_limpias_pt;consumo_renovable_electricidad_pj;consumo_renovable_aumento_calor_pj;consumo_renovable_transporte_pj;proporcion_energias_renovables_modernas_pt;proporcion_energias_renovables_total_pt;consumo_final_total_energia_pj;flujos_financieros_renovables_total_usd;flujos_financieros_bioenergia_usd;flujos_financieros_geotermica_usd;flujos_financieros_hidroelectrica_usd;flujos_financieros_multiples_renovables_usd;flujos_financieros_marina_usd;flujos_financieros_solar_usd;flujos_financieros_eolica_usd;intensidad_energetica_mj_pib
Argentina;2000;95.7;235000000.0;1800000.0;0.0;232000000.0;0.0;0.0;400000.0;95.7;88.1;74.3;0.7;8.8;9.8;1655.8;0.0;0.0;0.0;0.0;0.0;0.0;0.0;0.0;3.69
Argentina;2001;95.5;233000000.0;1700000.0;0.0;230000000.0;0.0;0.0;700000.0;96.1;113.2;69.3;0.8;10.8;11.5;1592.9;4210000.0;0.0;0.0;0.0;0.0;0.0;4210000.0;0.0;3.59
Argentina;2002;96.1;235000000.0;2100000.0;0.0;232000000.0;0.0;0.0;700000.0;96.6;115.4;60.5;0.8;10.9;11.6;1520.8;0.0;0.0;0.0;0.0;0.0;0.0;0.0;0.0;3.98
Argentina;2003;96.3;234000000.0;2700000.0;0.0;230000000.0;0.0;0.0;700000.0;97.0;107.9;67.8;0.7;10.0;10.8;1629.5;60000.0;0.0;0.0;0.0;0.0;0.0;60000.0;0.0;3.96
Argentina;2004;96.5;235000000.0;3000000.0;0.0;231000000.0;0.0;0.0;700000.0;97.5;94.4;66.7;0.7;8.6;9.3;1741.1;44610000.0;0.0;0.0;0.0;44610000.0;0.0;0.0;0.0;4.04
Argentina;2005;96.7;233000000.0;3300000.0;0.0;229000000.0;0.0;0.0;700000.0;97.7;105.5;67.4;0.7;9.1;9.6;1800.9;310000.0;0.0;0.0;10000.0;140000.0;0.0;160000.0;0.0;3.68
Argentina;2006;97.0;232000000.0;4099999.9999999995;0.0;227000000.0;0.0;0.0;700000.0;98.1;116.9;55.9;0.8;8.6;9.2;1890.1;490000.0;0.0;0.0;0.0;360000.0;0.0;120000.0;0.0;3.58
Argentina;2007;97.2;236000000.0;4900000.0;0.0;230000000.0;0.0;0.0;700000.0;98.4;101.4;53.6;0.6;7.2;7.7;2016.4;410000.0;0.0;0.0;0.0;260000.0;0.0;140000.0;0.0;3.44
Argentina;2008;97.5;234000000.0;5100000.0;0.0;228000000.0;0.0;0.0;700000.0;98.7;99.3;55.2;0.6;7.1;7.7;2027.4;25050000.0;100000.0;0.0;50000.0;24680000.0;0.0;220000.0;0.0;3.42
Argentina;2009;97.8;241000000.0;4900000.0;0.0;235000000.0;0.0;0.0;700000.0;99.0;110.0;53.0;0.7;8.1;8.6;1906.2;42690000.0;330000.0;0.0;100000.0;42060000.0;0.0;190000.0;20000.0;3.35
Argentina;2010;98.8;239000000.0;5600000.0;0.0;233000000.0;0.0;0.0;700000.0;99.1;108.9;49.9;22.1;8.3;8.8;2058.3;1160000.0;200000.0;0.0;110000.0;640000.0;0.0;210000.0;0.0;3.26
Argentina;2011;99.0;250000000.0;5600000.0;0.0;243000000.0;0.0;100000.0;1400000.0;99.3;104.8;52.9;31.8;8.3;8.8;2145.1;75660000.0;75640000.0;0.0;0.0;20000.0;0.0;0.0;0.0;3.18
Argentina;2012;99.1;251000000.0;6100000.0;0.0;242000000.0;0.0;200000.0;3300000.0;99.4;97.7;49.7;36.7;8.2;8.6;2138.2;286710000.0;0.0;0.0;235070000.0;0.0;0.0;0.0;51640000.0;3.3
Argentina;2013;99.3;250000000.0;6200000.0;0.0;239000000.0;0.0;300000.0;4500000.0;99.6;109.6;48.1;43.6;8.4;8.9;2259.5;52220000.0;0.0;0.0;0.0;20000.0;0.0;11260000.0;40940000.0;3.31
Argentina;2014;100.0;247000000.0;5400000.0;0.0;237000000.0;0.0;300000.0;5000000.0;99.7;112.3;53.3;50.7;9.3;9.8;2211.1;2783410000.0;2910000.0;0.0;2780370000.0;70000.0;0.0;50000.0;0.0;3.4
Argentina;2015;99.7;247000000.0;6000000.0;0.0;236000000.0;0.0;300000.0;4300000.0;99.7;111.3;49.3;53.7;8.9;9.4;2281.6;124430000.0;0.0;0.0;0.0;115750000.0;0.0;8690000.0;0.0;3.36
Argentina;2016;99.9;245000000.0;5700000.0;0.0;235000000.0;0.0;200000.0;4300000.0;99.8;101.5;50.9;58.3;8.9;9.4;2246.7;273900000.0;0.0;0.0;17120000.0;0.0;0.0;256779999.99999997;0.0;3.41
Argentina;2017;100.0;244000000.0;5600000.0;0.0;233000000.0;0.0;200000.0;5100000.0;99.8;107.5;55.5;67.1;9.9;10.4;2219.6;561920000.0;930000.0;0.0;0.0;70300000.0;0.0;382560000.0;108130000.0;3.32
Argentina;2018;100.0;259000000.0;5000000.0;0.0;232000000.0;0.0;4400000.0;17000000.0;99.8;110.8;60.5;64.0;10.1;10.5;2236.4;427780000.0;110740000.0;0.0;0.0;127780000.0;0.0;80770000.0;108500000.0;3.31
Argentina;2019;100.0;284000000.0;6700000.0;0.0;231000000.0;0.0;9900000.0;36000000.0;99.9;113.1;59.4;65.4;10.3;10.7;2216.0;506210000.0;0.0;0.0;0.0;530000.0;0.0;106330000.0;399350000.0;3.35
Argentina;2020;100.0;312000000.0;6800000.0;0.0;230000000.0;0.0;17000000.0;58000000.0;99.9;114.8;47.5;35.1;9.3;9.8;2005.0;93010000.0;0.0;0.0;0.0;90110000.0;0.0;10000.0;2890000.0;3.46
Argentina;2021;100.0;332000000.0;6200000.0;0.0;229000000.0;0.0;24000000.0;73000000.0;99.9;112.6;53.7;38.0;8.8;9.2;2209.9;2900000.0;0.0;0.0;0.0;80000.0;0.0;920000.0;1890000.0;3.39
Bolivia;2000;70.0;44000000.0;1900000.0;0.0;42000000.0;0.0;0.0;0.0;63.2;6.4;27.4;0.0;21.0;29.2;115.9;100000.0;0.0;0.0;0.0;0.0;0.0;100000.0;0.0;3.36
Bolivia;2001;69.3;45000000.0;1800000.0;0.0;43000000.0;0.0;0.0;0.0;64.4;6.9;27.6;0.0;21.1;29.0;118.8;850000.0;0.0;0.0;0.0;0.0;0.0;850000.0;0.0;3.51
Bolivia;2002;64.0;53000000.0;1800000.0;0.0;51000000.0;0.0;100000.0;0.0;65.2;7.0;27.8;0.0;21.0;28.1;123.7;80000.0;0.0;0.0;0.0;0.0;0.0;80000.0;0.0;4.08
Bolivia;2003;72.3;52000000.0;1800000.0;0.0;50000000.0;0.0;100000.0;0.0;66.4;6.2;27.9;0.0;20.5;27.0;126.5;17810000.0;630000.0;0.0;70000.0;17120000.0;0.0;0.0;0.0;4.07
Bolivia;2004;75.9;57000000.0;5600000.0;0.0;51000000.0;0.0;100000.0;0.0;67.4;6.8;28.3;0.0;20.0;25.8;135.9;40000.0;0.0;0.0;0.0;20000.0;0.0;20000.0;0.0;3.97
Bolivia;2005;68.3;56000000.0;5500000.0;0.0;51000000.0;0.0;100000.0;0.0;68.8;6.2;28.7;0.0;19.4;24.6;141.6;160000.0;0.0;0.0;0.0;140000.0;0.0;20000.0;0.0;4.19
Bolivia;2006;76.2;57000000.0;5400000.0;0.0;52000000.0;0.0;100000.0;0.0;70.1;7.1;29.6;0.0;19.1;23.7;155.0;460000.0;0.0;0.0;0.0;90000.0;0.0;370000.0;0.0;4.07
Bolivia;2007;80.2;60000000.0;8800000.0;0.0;51000000.0;0.0;100000.0;0.0;71.6;7.6;30.2;0.0;18.1;22.1;171.3;450000.0;0.0;0.0;0.0;30000.0;0.0;420000.0;0.0;3.98
Bolivia;2008;84.7;59000000.0;8600000.0;0.0;50000000.0;0.0;200000.0;0.0;72.9;7.7;30.7;0.0;17.7;21.3;180.5;920000.0;0.0;0.0;380000.0;350000.0;0.0;190000.0;0.0;3.82
Bolivia;2009;86.8;58000000.0;8500000.0;0.0;50000000.0;0.0;300000.0;0.0;74.4;7.7;31.5;0.0;17.4;20.6;190.4;109720000.0;20000.0;0.0;380000.0;109010000.0;0.0;310000.0;0.0;3.85
Bolivia;2010;88.0;58000000.0;8300000.000000001;0.0;49000000.0;0.0;300000.0;0.0;75.8;7.3;33.0;0.0;16.9;19.9;202.6;5360000.0;10000.0;160000.0;410000.0;440000.0;0.0;4310000.0;20000.0;4.01
Bolivia;2011;88.3;58000000.0;8199999.999999999;0.0;49000000.0;0.0;300000.0;0.0;77.2;7.7;31.4;0.0;15.6;18.1;216.0;1370000.0;0.0;0.0;310000.0;1010000.0;0.0;40000.0;0.0;4.09
Bolivia;2012;90.4;57000000.0;8100000.0;0.0;49000000.0;0.0;400000.0;0.0;78.6;7.8;32.1;0.0;15.4;17.4;229.5;5340000.0;0.0;0.0;0.0;5340000.0;0.0;0.0;0.0;4.22
Bolivia;2013;89.5;57000000.0;7900000.0;0.0;49000000.0;0.0;500000.0;0.0;79.9;8.5;30.9;0.0;14.0;16.0;245.8;81650000.0;1330000.0;490000.0;73230000.0;1090000.0;0.0;5510000.0;0.0;3.99
Bolivia;2014;90.0;60000000.0;12000000.0;0.0;47000000.0;0.0;500000.0;300000.0;81.2;7.6;31.5;0.0;12.8;15.0;260.4;39610000.0;0.0;23450000.0;550000.0;15600000.0;0.0;10000.0;0.0;4.16
Bolivia;2015;91.5;60000000.0;12000000.0;0.0;47000000.0;0.0;500000.0;300000.0;82.35;8.4;29.3;0.0;12.4;14.2;265.5;2069999.9999999998;0.0;0.0;1220000.0;830000.0;0.0;20000.0;0.0;3.98
Bolivia;2016;91.8;62000000.0;12000000.0;0.0;46000000.0;0.0;500000.0;2400000.0;83.5;6.1;31.4;0.0;11.9;13.6;275.8;1264510000.0;10000.0;0.0;1182830000.0;5550000.0;0.0;76010000.0;120000.0;4.03
Bolivia;2017;91.8;72000000.0;12000000.0;0.0;57000000.0;0.0;900000.0;2400000.0;84.6;7.6;33.4;0.0;12.7;14.3;287.2;647850000.0;0.0;563920000.0;0.0;770000.0;0.0;10000.0;83150000.0;4.03
Bolivia;2018;92.8;86000000.0;15000000.0;0.0;63000000.0;0.0;6000000.0;2300000.0;85.6;9.1;33.1;0.0;12.8;14.3;295.2;89600000.0;0.0;0.0;0.0;89320000.0;0.0;10000.0;260000.0;3.94
Bolivia;2019;95.1;96000000.0;16000000.0;0.0;68000000.0;0.0;10000000.0;2300000.0;86.6;11.5;27.7;0.8;12.4;13.5;296.0;950000.0;0.0;0.0;0.0;710000.0;0.0;10000.0;230000.0;3.87
Bolivia;2020;97.2;95000000.0;16000000.0;0.0;67000000.0;0.0;10000000.0;2300000.0;87.4;10.8;31.1;1.5;15.4;16.9;257.6;3350000.0;0.0;0.0;10000.0;3290000.0;0.0;50000.0;0.0;3.55
Bolivia;2021;98.6;112000000.0;21000000.0;0.0;66000000.0;0.0;14000000.0;11000000.0;88.3;12.4;23.4;2.1;11.8;12.8;297.9;260000.0;0.0;0.0;0.0;240000.0;0.0;20000.0;0.0;3.89
Brasil;2000;94.4;362000000.0;15000000.0;0.0;347000000.0;0.0;0.0;100000.0;89.05;1030.7;1226.8;247.7;37.7;42.7;5870.7;137610000.0;0.0;0.0;136820000.0;790000.0;0.0;0.0;0.0;3.89
Brasil;2001;96.0;365000000.0;15000000.0;0.0;350000000.0;0.0;0.0;100000.0;89.8;902.3;1298.5;228.8;36.2;41.3;5877.2;5760000.0;70000.0;0.0;0.0;3850000.0;0.0;1840000.0;0.0;3.9
Brasil;2002;96.7;372000000.0;15000000.0;0.0;357000000.0;0.0;0.0;100000.0;90.2;962.4;1405.7;257.7;37.3;42.9;6124.9;36370000.0;0.0;0.0;0.0;36350000.0;0.0;30000.0;0.0;3.89
Brasil;2003;97.0;386000000.0;15000000.0;0.0;371000000.0;0.0;0.0;100000.0;90.7;1033.1;1529.5;245.7;39.4;45.1;6223.2;8199999.999999999;0.0;0.0;0.0;8199999.999999999;0.0;0.0;0.0;3.91
Brasil;2004;96.8;391000000.0;17000000.0;0.0;374000000.0;0.0;0.0;100000.0;91.3;1070.7;1630.2;273.1;39.7;45.2;6579.2;1260000.0;0.0;0.0;0.0;710000.0;0.0;0.0;550000.0;3.91
Brasil;2005;97.1;398000000.0;18000000.0;0.0;380000000.0;0.0;0.0;200000.0;91.6;1130.6;1663.3;295.3;40.7;46.2;6693.6;12750000.0;0.0;0.0;0.0;12750000.0;0.0;0.0;0.0;3.88
Brasil;2006;97.6;411000000.0;20000000.0;0.0;390000000.0;0.0;0.0;1300000.0;92.1;1167.7;1776.5;274.8;41.4;46.7;6892.7;1360000.0;0.0;0.0;0.0;1360000.0;0.0;0.0;0.0;3.86
Brasil;2007;98.1;426000000.0;22000000.0;0.0;403000000.0;0.0;0.0;1300000.0;92.5;1249.0;1831.8;378.0;42.5;47.2;7324.8;1000000.0;160000.0;0.0;0.0;850000.0;0.0;0.0;0.0;3.85
Brasil;2008;98.5;431000000.0;26000000.0;0.0;402000000.0;0.0;0.0;2100000.0;93.1;1238.5;1834.5;507.4;42.5;47.0;7610.6;21720000.0;360000.0;0.0;60000.0;19820000.0;0.0;1480000.0;0.0;3.87
Brasil;2009;98.9;437000000.0;29000000.0;0.0;404000000.0;0.0;0.0;3100000.0;93.4;1299.7;1781.3;555.9;44.3;48.9;7434.8;193360000.0;2860000.0;0.0;0.0;146680000.0;0.0;640000.0;43170000.0;3.74
Brasil;2010;98.6;456000000.0;40000000.0;0.0;411000000.0;0.0;0.0;4700000.0;93.9;1330.4;1893.6;594.0;42.8;46.8;8157.5;152480000.0;12600000.0;0.0;13050000.0;75660000.0;0.0;3680000.0;47490000.0;3.85
Brasil;2011;99.3;469000000.0;46000000.0;0.0;416000000.0;0.0;0.0;7200000.0;94.3;1427.8;1873.6;527.8;41.8;45.2;8463.3;191210000.0;3380000.0;0.0;182620000.0;1050000.0;0.0;4099999.9999999995;60000.0;3.75
Brasil;2012;99.5;481000000.0;50000000.0;0.0;422000000.0;0.0;0.0;9500000.0;94.7;1397.5;1905.4;497.5;40.1;43.5;8743.6;254810000.0;47320000.0;0.0;0.0;134280000.0;0.0;15730000.0;57480000.0;3.82
Brasil;2013;99.6;495000000.0;58000000.0;0.0;426000000.0;0.0;100000.0;11000000.0;95.1;1339.8;1858.2;583.5;39.4;42.3;8939.6;102340000.0;13790000.0;0.0;0.0;76130000.0;0.0;12410000.0;0.0;3.88
Brasil;2014;99.7;523000000.0;61000000.0;0.0;438000000.0;0.0;100000.0;24000000.0;95.4;1304.9;1854.1;641.4;38.7;41.7;9104.6;540620000.0;580000.0;0.0;0.0;335920000.0;0.0;0.0;204130000.0;3.98
Brasil;2015;99.7;549000000.0;65000000.0;0.0;447000000.0;0.0;200000.0;37000000.0;95.7;1298.6;1847.6;757.7;40.5;43.7;8940.9;2460000.0;860000.0;0.0;0.0;930000.0;0.0;670000.0;0.0;4.05
Brasil;2016;99.7;587000000.0;69000000.0;0.0;469000000.0;0.0;600000.0;49000000.0;95.8;1404.9;1906.6;691.9;42.3;45.4;8813.7;194980000.0;430000.0;0.0;0.0;19010000.0;0.0;175530000.0;0.0;4.03
Brasil;2017;99.8;616000000.0;70000000.0;0.0;481000000.0;0.0;5800000.0;59000000.0;96.1;1401.2;1957.1;702.5;42.1;45.3;8972.9;632560000.0;65760000.00000001;266620000.0;0.0;237040000.0;0.0;63140000.0;0.0;4.06
Brasil;2018;99.7;650000000.0;71000000.0;0.0;497000000.0;0.0;12000000.0;71000000.0;96.2;1482.8;1861.9;811.8;43.3;46.9;8865.5;316110000.0;3820000.0;0.0;0.0;97400000.0;0.0;214890000.0;0.0;3.93
Brasil;2019;99.8;683000000.0;73000000.0;0.0;515000000.0;0.0;22000000.0;73000000.0;96.4;1499.7;1851.1;898.0;44.0;47.5;8941.6;537680000.0;0.0;0.0;0.0;533370000.0;0.0;4310000.0;0.0;3.95
Brasil;2020;99.7;706000000.0;74000000.0;0.0;513000000.0;0.0;39000000.0;81000000.0;96.4;1519.1;2085.6;822.4;46.4;50.0;8853.4;1190460000.0;212660000.0;0.0;0.0;807370000.0;0.0;141660000.0;28760000.0;4.0
Brasil;2021;99.5;752000000.0;76000000.0;0.0;511000000.0;0.0;66000000.0;99000000.0;96.5;1475.9;1989.9;812.3;42.9;46.5;9204.8;738140000.0;62500000.0;0.0;0.0;18550000.0;0.0;474320000.0;182770000.0;3.96
Chile;2000;97.9;303000000.0;14000000.0;0.0;289000000.0;0.0;0.0;0.0;100.0;63.8;171.9;0.4;31.4;31.4;753.0;480000.0;0.0;0.0;0.0;0.0;0.0;30000.0;460000.0;4.6
Chile;2001;97.1;316000000.0;30000000.0;0.0;285000000.0;0.0;0.0;100000.0;100.0;76.8;165.2;0.5;32.1;32.1;754.1;170000.0;0.0;0.0;0.0;0.0;0.0;170000.0;0.0;4.38
Chile;2002;97.3;312000000.0;28000000.0;0.0;284000000.0;0.0;0.0;100000.0;100.0;81.3;170.2;0.4;33.1;33.1;762.0;40000.0;0.0;40000.0;0.0;0.0;0.0;0.0;0.0;4.39
Chile;2003;98.8;308000000.0;26000000.0;0.0;282000000.0;0.0;0.0;100000.0;100.0;79.9;160.4;0.4;31.6;31.6;761.4;80000.0;0.0;0.0;0.0;0.0;0.0;0.0;80000.0;4.24
Chile;2004;97.5;355000000.0;29000000.0;0.0;326000000.0;0.0;0.0;100000.0;100.0;79.1;171.0;0.4;31.4;31.4;796.6;3050000.0;0.0;0.0;0.0;3050000.0;0.0;0.0;0.0;4.23
Chile;2005;97.7;348000000.0;25000000.0;0.0;323000000.0;0.0;0.0;100000.0;100.0;93.2;168.5;0.5;32.3;32.3;812.7;54820000.0;0.0;0.0;54610000.0;0.0;0.0;210000.0;0.0;4.12
Chile;2006;99.4;340000000.0;20000000.0;0.0;320000000.0;0.0;0.0;100000.0;100.0;100.4;176.6;0.6;32.9;32.9;843.6;120000.0;50000.0;0.0;0.0;70000.0;0.0;0.0;0.0;4.05
Chile;2007;98.0;363000000.0;37000000.0;0.0;325000000.0;0.0;0.0;1200000.0;100.0;83.7;186.1;0.6;30.5;30.5;887.5;102060000.0;100000.0;7820000.0;90750000.0;3380000.0;0.0;0.0;0.0;3.99
Chile;2008;98.2;370000000.0;42000000.0;0.0;326000000.0;0.0;0.0;1200000.0;100.0;87.4;190.6;0.7;30.8;30.8;904.3;72690000.0;90000.0;0.0;0.0;72590000.0;10000.0;0.0;0.0;3.81
Chile;2009;99.6;392000000.0;58000000.0;0.0;324000000.0;0.0;0.0;9700000.0;100.0;94.2;189.3;0.7;31.5;31.5;901.8;62430000.0;7090000.0;0.0;20000.0;55320000.0;0.0;0.0;10000.0;3.75
Chile;2010;99.5;361000000.0;30000000.0;0.0;322000000.0;0.0;0.0;9600000.0;100.0;78.6;179.3;0.6;27.0;27.0;956.1;3510000.0;210000.0;0.0;0.0;350000.0;0.0;2940000.0;0.0;3.7
Chile;2011;99.6;420000000.0;63000000.0;0.0;346000000.0;0.0;0.0;11000000.0;100.0;81.9;211.1;0.7;28.8;28.8;1019.9;75440000.0;0.0;0.0;75210000.0;230000.0;0.0;0.0;0.0;3.8
Chile;2012;100.0;423000000.0;65000000.0;0.0;346000000.0;0.0;100000.0;12000000.0;100.0;81.0;225.7;0.7;30.3;30.3;1014.3;69730000.0;0.0;0.0;0.0;820000.0;0.0;68910000.0;0.0;3.96
Chile;2013;99.6;442000000.0;76000000.0;0.0;348000000.0;0.0;900000.0;17000000.0;100.0;83.0;245.0;0.7;30.2;30.2;1087.3;1159490000.0;580000.0;0.0;353920000.0;73200000.0;0.0;731030000.0;750000.0;3.97
Chile;2014;100.0;489000000.0;71000000.0;0.0;364000000.0;0.0;12000000.0;42000000.0;100.0;102.2;169.7;1.5;26.9;26.9;1014.5;1190210000.0;230000.0;49750000.0;281030000.0;269250000.0;70000.0;392820000.0;197060000.0;3.52
Chile;2015;99.7;521000000.0;74000000.0;0.0;364000000.0;0.0;32000000.0;51000000.0;100.0;103.4;154.9;1.7;25.1;25.1;1037.7;124120000.0;1050000.0;32580000.0;0.0;29570000.0;0.0;60930000.0;0.0;3.52
Chile;2016;100.0;567000000.0;78000000.0;0.0;369000000.0;0.0;62000000.0;57000000.0;100.0;107.7;157.2;1.5;24.6;24.6;1085.5;328620000.0;390000.0;0.0;0.0;95440000.0;0.0;232800000.0;0.0;3.68
Chile;2017;99.7;612000000.0;78000000.0;1300000.0;364000000.0;0.0;98000000.0;71000000.0;100.0;108.5;155.9;1.5;24.1;24.1;1103.4;228890000.0;300000.0;0.0;0.0;196080000.0;0.0;32509999.999999996;0.0;3.68
Chile;2018;100.0;627000000.0;72000000.0;2600000.0;357000000.0;0.0;114000000.0;81000000.0;100.0;119.7;170.1;1.9;25.5;25.5;1145.8;0.0;0.0;0.0;0.0;0.0;0.0;0.0;0.0;3.61
Chile;2019;100.0;645000000.0;67000000.0;2100000.0;351000000.0;0.0;139000000.0;85000000.0;100.0;122.1;166.2;2.2;25.3;25.3;1149.8;0.0;0.0;0.0;0.0;0.0;0.0;0.0;0.0;3.79
Chile;2020;100.0;694000000.0;64000000.0;2100000.0;351000000.0;0.0;166000000.0;111000000.0;100.0;128.4;160.0;2.3;26.7;26.7;1087.4;1020000.0;0.0;430000.0;0.0;600000.0;0.0;0.0;0.0;3.68
Chile;2021;100.0;810000000.0;68000000.0;2000000.0;349000000.0;0.0;229000000.0;161000000.0;100.0;132.0;134.9;2.2;24.2;24.2;1113.7;38300000.0;0.0;0.0;0.0;38300000.0;0.0;0.0;0.0;3.46
Colombia;2000;95.2;213000000.0;2000000.0;0.0;211000000.0;0.0;0.0;0.0;78.0;90.5;136.0;0.1;27.9;27.9;813.6;0.0;0.0;0.0;0.0;0.0;0.0;0.0;0.0;2.98
Colombia;2001;98.5;220000000.0;2000000.0;0.0;218000000.0;0.0;0.0;0.0;79.1;94.1;127.7;0.1;27.1;27.1;819.5;0.0;0.0;0.0;0.0;0.0;0.0;0.0;0.0;2.93
Colombia;2002;94.9;226000000.0;2000000.0;0.0;224000000.0;0.0;0.0;0.0;79.8;97.4;133.5;0.1;28.6;28.6;806.6;100000.0;0.0;0.0;0.0;0.0;0.0;100000.0;0.0;2.8
Colombia;2003;95.1;218000000.0;1900000.0;0.0;216000000.0;0.0;0.0;0.0;80.8;104.2;144.7;0.1;30.6;30.6;815.0;10000.0;0.0;0.0;0.0;10000.0;0.0;0.0;0.0;2.76
Colombia;2004;95.3;217000000.0;1900000.0;0.0;214000000.0;0.0;0.0;500000.0;81.1;113.2;126.1;0.1;29.0;29.0;824.5;0.0;0.0;0.0;0.0;0.0;0.0;0.0;0.0;2.63
Colombia;2005;96.8;214000000.0;1900000.0;0.0;212000000.0;0.0;0.0;200000.0;82.0;112.2;129.0;0.7;28.9;28.9;836.0;242760000.0;50000.0;0.0;242710000.0;0.0;0.0;0.0;0.0;2.64
Colombia;2006;95.7;212000000.0;2200000.0;0.0;209000000.0;0.0;0.0;400000.0;82.8;117.7;132.2;5.4;30.6;30.6;834.0;2110000.0;1180000.0;0.0;0.0;920000.0;0.0;0.0;0.0;2.6
Colombia;2007;96.0;210000000.0;2200000.0;0.0;208000000.0;0.0;0.0;400000.0;83.3;123.8;138.4;6.0;31.0;31.0;864.0;840000.0;0.0;810000.0;0.0;30000.0;0.0;0.0;0.0;2.42
Colombia;2008;96.8;208000000.0;2100000.0;0.0;205000000.0;0.0;0.0;400000.0;83.9;130.0;139.0;8.6;30.8;30.8;902.2;17390000.0;0.0;0.0;17370000.0;10000.0;0.0;0.0;0.0;2.47
Colombia;2009;96.1;206000000.0;2600000.0;0.0;203000000.0;0.0;0.0;400000.0;84.9;121.5;142.1;11.0;31.4;31.4;874.6;20000.0;0.0;10000.0;0.0;0.0;0.0;0.0;0.0;2.54
Colombia;2010;96.8;206000000.0;3900000.0;0.0;202000000.0;0.0;0.0;400000.0;85.6;119.9;133.1;16.0;30.5;30.5;880.7;3760000.0;0.0;2920000.0;0.0;840000.0;0.0;0.0;0.0;2.39
Colombia;2011;96.7;219000000.0;4000000.0;0.0;214000000.0;0.0;0.0;400000.0;86.5;146.8;126.9;20.6;29.6;29.6;993.0;830000.0;30000.0;0.0;0.0;800000.0;0.0;0.0;0.0;2.29
Colombia;2012;97.0;218000000.0;4000000.0;0.0;214000000.0;0.0;0.0;400000.0;87.1;142.8;126.9;21.8;29.6;29.6;985.7;2009999.9999999998;0.0;0.0;1550000.0;370000.0;0.0;90000.0;0.0;2.13
Colombia;2013;97.8;218000000.0;4000000.0;0.0;213000000.0;0.0;0.0;400000.0;87.9;139.6;204.6;27.3;32.0;32.0;1160.5;320000.0;0.0;0.0;0.0;240000.0;0.0;80000.0;0.0;2.66
Colombia;2014;97.8;239000000.0;4600000.0;0.0;234000000.0;0.0;0.0;400000.0;88.8;146.2;207.7;28.3;32.1;32.1;1191.0;58540000.0;0.0;1010000.0;57350000.0;180000.0;0.0;0.0;0.0;2.58
Colombia;2015;98.2;250000000.0;5000000.0;0.0;244000000.0;0.0;0.0;400000.0;89.4;136.9;204.9;28.6;31.1;31.1;1191.7;24850000.0;0.0;11340000.0;0.0;13510000.0;0.0;0.0;0.0;2.53
Colombia;2016;98.4;250000000.0;5400000.0;0.0;244000000.0;0.0;0.0;400000.0;90.0;142.5;197.5;28.4;30.5;30.5;1209.7;1592790000.0;0.0;0.0;456460000.0;34810000.0;0.0;1101520000.0;0.0;2.57
Colombia;2017;98.5;250000000.0;6400000.0;0.0;243000000.0;0.0;200000.0;400000.0;90.7;175.5;177.9;27.5;32.3;32.3;1180.9;203510000.0;0.0;33610000.0;0.0;136300000.0;0.0;33610000.0;0.0;2.43
Colombia;2018;98.5;247000000.0;6500000.0;0.0;240000000.0;0.0;300000.0;400000.0;91.4;170.8;158.6;32.3;30.4;30.4;1187.8;158020000.0;0.0;0.0;0.0;135970000.0;0.0;22050000.0;0.0;2.28
Colombia;2019;99.4;245000000.0;6400000.0;0.0;238000000.0;0.0;500000.0;400000.0;91.9;170.1;175.0;33.1;31.5;31.5;1199.1;166950000.0;0.0;0.0;0.0;166140000.0;0.0;810000.0;0.0;2.42
Colombia;2020;99.7;243000000.0;6500000.0;0.0;235000000.0;0.0;1700000.0;400000.0;92.6;155.9;176.8;28.7;31.9;31.9;1131.5;53390000.0;130000.0;0.0;53160000.0;0.0;0.0;90000.0;0.0;2.44
Colombia;2021;100.0;244000000.0;7700000.0;0.0;232000000.0;0.0;4000000.0;400000.0;93.1;189.3;155.8;32.6;29.7;29.7;1271.8;64010000.00000001;610000.0;0.0;0.0;47290000.0;0.0;16059999.999999998;50000.0;2.33
Costa Rica;2000;96.9;358000000.0;3000000.0;36000000.0;308000000.0;0.0;100000.0;11000000.0;89.0;20.5;9.9;0.0;32.9;32.9;92.3;110000.0;110000.0;0.0;0.0;0.0;0.0;0.0;0.0;2.47
Costa Rica;2001;98.2;357000000.0;3000000.0;36000000.0;302000000.0;0.0;100000.0;15000000.0;89.3;21.4;9.6;0.0;32.1;32.1;96.6;139900000.0;0.0;0.0;139900000.0;0.0;0.0;0.0;0.0;2.41
Costa Rica;2002;98.5;362000000.0;2900000.0;35000000.0;308000000.0;0.0;100000.0;15000000.0;89.7;22.5;10.1;0.0;32.5;32.5;100.1;0.0;0.0;0.0;0.0;0.0;0.0;0.0;0.0;2.46
Costa Rica;2003;98.7;369000000.0;3900000.0;39000000.0;309000000.0;0.0;100000.0;16000000.0;90.0;23.6;11.6;0.0;33.3;33.3;105.7;18480000.0;0.0;0.0;0.0;18310000.0;0.0;0.0;170000.0;2.52
Costa Rica;2004;99.0;367000000.0;5600000.0;39000000.0;307000000.0;0.0;100000.0;16000000.0;90.4;25.0;21.3;0.0;39.2;39.2;118.2;100000.0;0.0;100000.0;0.0;0.0;0.0;0.0;0.0;2.86
Costa Rica;2005;99.1;362000000.0;5600000.0;38000000.0;302000000.0;0.0;100000.0;16000000.0;90.6;25.6;26.0;0.0;41.7;41.7;123.7;120000.0;0.0;110000.0;0.0;0.0;0.0;0.0;10000.0;2.75
Costa Rica;2006;99.1;382000000.0;5500000.0;38000000.0;322000000.0;0.0;100000.0;16000000.0;91.0;26.4;29.9;0.0;42.4;42.4;132.9;90000.0;0.0;90000.0;0.0;0.0;0.0;0.0;0.0;2.79
Costa Rica;2007;99.2;419000000.0;6800000.0;37000000.0;360000000.0;0.0;100000.0;15000000.0;91.4;27.3;31.5;0.0;41.2;41.2;142.6;750000.0;0.0;100000.0;650000.0;0.0;0.0;0.0;0.0;2.72
Costa Rica;2008;99.3;418000000.0;6700000.0;37000000.0;359000000.0;0.0;100000.0;15000000.0;91.8;28.1;29.9;0.0;40.7;40.7;142.4;90000.0;0.0;80000.0;0.0;10000.0;0.0;0.0;10000.0;2.61
Costa Rica;2009;99.4;432000000.0;6600000.0;36000000.0;364000000.0;0.0;100000.0;25000000.0;92.1;28.5;28.6;0.0;40.7;40.7;140.1;10000.0;0.0;0.0;0.0;10000.0;0.0;0.0;0.0;2.66
Costa Rica;2010;99.0;407000000.0;9500000.0;36000000.0;336000000.0;0.0;100000.0;26000000.0;92.4;28.8;28.6;0.0;40.4;40.4;142.1;7630000.0;0.0;0.0;0.0;100000.0;0.0;7530000.0;0.0;2.54
Costa Rica;2011;99.2;436000000.0;9500000.0;46000000.0;351000000.0;0.0;200000.0;28000000.0;92.8;28.5;25.5;0.0;38.0;38.0;141.9;143030000.0;0.0;0.0;141660000.0;1370000.0;0.0;0.0;0.0;2.45
Costa Rica;2012;99.5;446000000.0;9500000.0;46000000.0;359000000.0;0.0;500000.0;31000000.0;93.2;29.8;25.2;0.0;38.1;38.1;144.5;597390000.0;0.0;0.0;596720000.0;670000.0;0.0;0.0;0.0;2.42
Costa Rica;2013;99.6;447000000.0;9900000.0;45000000.0;360000000.0;0.0;600000.0;31000000.0;93.5;28.9;26.6;0.0;37.8;37.8;146.9;134410000.0;0.0;0.0;102340000.0;3800000.0;0.0;0.0;28270000.0;2.49
Costa Rica;2014;99.4;474000000.0;9100000.0;45000000.0;379000000.0;0.0;1100000.0;41000000.0;93.9;29.8;26.1;0.0;37.6;37.6;148.6;160440000.0;0.0;157980000.0;0.0;2470000.0;0.0;0.0;0.0;2.44
Costa Rica;2015;99.4;509000000.0;10000000.0;44000000.0;395000000.0;0.0;1900000.0;57000000.0;94.2;33.6;25.2;0.0;38.3;38.3;153.3;893970000.0;5440000.0;718930000.0;0.0;30000.0;0.0;0.0;169570000.0;2.29
Costa Rica;2016;99.5;590000000.0;9900000.0;42000000.0;471000000.0;0.0;2900000.0;65000000.0;94.6;34.7;18.6;0.0;34.1;34.1;156.2;189740000.0;0.0;0.0;0.0;6000000.0;0.0;156910000.0;26840000.0;2.17
Costa Rica;2017;99.6;597000000.0;9800000.0;41000000.0;466000000.0;0.0;4000000.0;76000000.0;95.0;35.6;17.0;0.0;33.3;33.3;157.8;251990000.0;0.0;251980000.0;0.0;10000.0;0.0;0.0;0.0;2.04
Costa Rica;2018;99.7;611000000.0;12000000.0;41000000.0;471000000.0;0.0;6500000.0;81000000.0;95.3;35.6;16.3;0.0;33.1;33.1;156.7;30540000.0;0.0;29510000.0;0.0;1010000.0;0.0;30000.0;0.0;1.96
Costa Rica;2019;99.7;619000000.0;16000000.0;52000000.0;461000000.0;0.0;9500000.0;81000000.0;95.6;36.4;15.7;0.0;33.4;33.4;155.9;750000.0;0.0;0.0;0.0;440000.0;0.0;310000.0;0.0;2.03
Costa Rica;2020;99.9;610000000.0;16000000.0;51000000.0;455000000.0;0.0;11000000.0;77000000.0;95.9;35.6;16.5;0.0;36.4;36.4;143.0;319200000.0;0.0;0.0;0.0;319200000.0;0.0;0.0;0.0;2.03
Costa Rica;2021;100.0;618000000.0;16000000.0;50000000.0;462000000.0;0.0;14000000.0;76000000.0;96.2;37.3;16.1;0.0;34.2;34.2;156.4;15560000.0;0.0;0.0;0.0;530000.0;0.0;15030000.0;0.0;1.99
Cuba;2000;97.0;5200000.0;0.0;0.0;5200000.0;0.0;0.0;0.0;61.4;2.9;134.5;0.0;33.9;34.4;399.2;870000.0;0.0;0.0;40000.0;0.0;0.0;300000.0;520000.0;3.46
Cuba;2001;96.2;5200000.0;0.0;0.0;5200000.0;0.0;0.0;0.0;65.5;2.8;135.5;0.0;33.6;34.0;406.4;5040000.0;0.0;0.0;0.0;980000.0;0.0;4059999.9999999995;0.0;3.28
Cuba;2002;95.5;5200000.0;0.0;0.0;5100000.0;0.0;0.0;0.0;69.4;2.9;109.4;0.0;34.2;34.8;322.8;1970000.0;20000.0;0.0;0.0;1860000.0;0.0;90000.0;0.0;3.01
Cuba;2003;96.5;5200000.0;0.0;0.0;5100000.0;0.0;0.0;0.0;73.0;2.4;95.8;0.0;33.3;33.6;292.5;390000.0;0.0;0.0;0.0;60000.0;0.0;330000.0;0.0;2.89
Cuba;2004;96.6;5300000.0;0.0;0.0;5200000.0;0.0;0.0;0.0;75.95;2.5;95.5;0.0;33.5;33.8;290.1;1010000.0;0.0;0.0;0.0;310000.0;0.0;710000.0;0.0;2.67
Cuba;2005;96.8;65000000.0;60000000.0;0.0;4300000.0;0.0;0.0;200000.0;78.9;1.4;72.3;0.0;26.1;26.3;280.0;460000.0;0.0;0.0;0.0;0.0;0.0;460000.0;0.0;2.27
Cuba;2006;96.9;44000000.0;40000000.0;0.0;4300000.0;0.0;0.0;200000.0;81.15;1.4;59.4;0.0;21.7;22.0;276.9;430000.0;0.0;0.0;0.0;200000.0;0.0;220000.0;0.0;2.02
Cuba;2007;97.1;52000000.0;48000000.0;0.0;3600000.0;0.0;0.0;200000.0;83.0;1.5;49.7;0.0;18.2;18.6;275.3;10000.0;0.0;0.0;0.0;0.0;0.0;10000.0;0.0;1.79
Cuba;2008;97.3;54000000.0;48000000.0;0.0;5300000.0;0.0;0.0;600000.0;85.1;2.0;46.1;0.0;18.5;18.7;257.0;50000.0;0.0;0.0;0.0;0.0;0.0;50000.0;0.0;1.83
Cuba;2009;97.6;54000000.0;48000000.0;0.0;5100000.0;0.0;0.0;600000.0;86.5;1.9;46.9;0.0;18.8;19.0;257.6;1010000.0;0.0;0.0;0.0;1010000.0;0.0;0.0;0.0;1.75
Cuba;2010;97.8;55000000.0;49000000.0;0.0;5500000.0;0.0;0.0;600000.0;87.9;1.6;39.6;0.0;15.4;15.6;263.8;4580000.0;130000.0;0.0;0.0;4370000.0;0.0;90000.0;0.0;1.85
Cuba;2011;98.0;55000000.0;48000000.0;0.0;5800000.0;0.0;0.0;1000000.0;89.1;1.6;47.8;0.0;19.0;19.2;257.3;1440000.0;0.0;0.0;0.0;570000.0;0.0;860000.0;0.0;1.74
Cuba;2012;98.3;53000000.0;46000000.0;0.0;5500000.0;0.0;100000.0;1000000.0;90.2;1.9;49.9;0.0;19.3;19.4;267.3;460000.0;0.0;0.0;0.0;140000.0;0.0;310000.0;10000.0;1.73
Cuba;2013;98.5;49000000.0;41000000.0;0.0;5500000.0;0.0;1000000.0;1000000.0;91.3;2.3;46.8;0.0;18.0;18.2;269.4;3390000.0;0.0;0.0;0.0;3000000.0;0.0;390000.0;0.0;1.6
Cuba;2014;98.7;53000000.0;44000000.0;0.0;5500000.0;0.0;1900000.0;1000000.0;92.0;2.2;53.9;0.0;22.9;23.2;242.4;50000.0;0.0;0.0;0.0;0.0;0.0;50000.0;0.0;1.61
Cuba;2015;99.0;55000000.0;47000000.0;0.0;5500000.0;0.0;2100000.0;1000000.0;92.7;2.3;55.4;0.0;21.0;21.1;273.0;86550000.0;68090000.0;0.0;0.0;1150000.0;0.0;17310000.0;0.0;1.57
Cuba;2016;99.2;54000000.0;44000000.0;0.0;5800000.0;0.0;3300000.0;1000000.0;93.4;2.3;43.4;0.0;19.0;19.2;238.2;33960000.0;120000.0;0.0;33229999.999999996;580000.0;0.0;30000.0;0.0;1.54
Cuba;2017;99.4;60000000.0;47000000.0;0.0;5800000.0;0.0;5800000.0;1000000.0;93.65;2.1;54.6;0.0;21.8;22.0;258.0;54090000.0;0.0;0.0;0.0;1730000.0;0.0;52370000.0;0.0;1.45
Cuba;2018;99.6;67000000.0;49000000.0;0.0;5600000.0;0.0;11000000.0;1000000.0;94.2;2.0;61.8;0.0;23.9;24.0;265.9;7710000.0;30000.0;0.0;0.0;7680000.0;0.0;0.0;0.0;1.35
Cuba;2019;99.8;96000000.0;74000000.0;0.0;6400000.0;0.0;14000000.0;1000000.0;94.4;2.4;53.7;0.0;23.0;23.1;242.6;6270000.0;10000.0;0.0;30000.0;4160000.0;0.0;2069999.9999999998;0.0;1.27
Cuba;2020;99.9;111000000.0;84000000.0;0.0;6400000.0;0.0;19000000.0;1000000.0;94.7;2.6;56.3;0.0;24.4;24.5;240.1;3200000.0;0.0;0.0;0.0;10000.0;0.0;3190000.0;0.0;1.4
Cuba;2021;100.0;114000000.0;85000000.0;0.0;6400000.0;0.0;22000000.0;1000000.0;95.0;2.2;44.3;0.0;20.8;20.9;222.9;130000.0;0.0;0.0;0.0;0.0;0.0;130000.0;0.0;1.35
Ecuador;2000;93.7;136000000.0;0.0;0.0;136000000.0;0.0;0.0;0.0;88.5;20.4;29.1;0.0;13.4;19.4;254.6;2470000.0;0.0;0.0;0.0;2470000.0;0.0;0.0;0.0;3.27
Ecuador;2001;94.0;135000000.0;0.0;0.0;135000000.0;0.0;0.0;0.0;89.7;18.5;27.9;0.0;11.5;17.1;272.3;2330000.0;0.0;0.0;0.0;2140000.0;0.0;190000.0;0.0;3.35
Ecuador;2002;94.2;134000000.0;0.0;0.0;134000000.0;0.0;0.0;0.0;90.5;20.1;26.8;0.0;11.7;17.1;274.8;910000.0;0.0;0.0;0.0;910000.0;0.0;0.0;0.0;3.48
Ecuador;2003;95.0;131000000.0;0.0;0.0;131000000.0;0.0;0.0;0.0;91.0;21.1;26.1;0.0;11.5;16.6;285.1;400000.0;0.0;0.0;0.0;400000.0;0.0;0.0;0.0;3.73
Ecuador;2004;94.8;132000000.0;2600000.0;0.0;129000000.0;0.0;0.0;0.0;91.8;22.8;27.7;0.0;12.1;16.7;301.7;340000.0;0.0;0.0;10000.0;330000.0;0.0;0.0;0.0;3.54
Ecuador;2005;95.8;133000000.0;4700000.0;0.0;128000000.0;0.0;0.0;0.0;92.3;21.5;30.5;0.0;11.9;16.2;321.9;9130000.0;0.0;0.0;0.0;9120000.0;0.0;0.0;0.0;3.65
Ecuador;2006;96.3;134000000.0;5300000.0;0.0;129000000.0;0.0;0.0;0.0;92.7;22.2;24.1;0.0;10.1;14.2;326.8;10000.0;0.0;0.0;0.0;10000.0;0.0;0.0;0.0;3.43
Ecuador;2007;96.8;150000000.0;5200000.0;0.0;144000000.0;0.0;0.0;200000.0;93.1;24.8;28.0;0.0;12.0;15.9;333.1;0.0;0.0;0.0;0.0;0.0;0.0;0.0;0.0;3.69
Ecuador;2008;97.2;149000000.0;7400000.0;0.0;142000000.0;0.0;0.0;200000.0;93.4;30.3;22.8;0.0;11.7;15.3;346.6;3070000.0;1470000.0;0.0;30000.0;1570000.0;0.0;0.0;0.0;3.07
Ecuador;2009;96.5;147000000.0;7200000.0;0.0;140000000.0;0.0;0.0;200000.0;93.6;28.0;18.6;0.0;9.6;12.9;362.6;1410000.0;0.0;0.0;0.0;1410000.0;0.0;0.0;0.0;3.39
Ecuador;2010;97.5;157000000.0;6800000.0;0.0;150000000.0;0.0;0.0;200000.0;94.0;26.7;18.4;0.1;8.8;11.8;382.9;2366760000.0;10000.0;0.0;2346930000.0;50000.0;0.0;19770000.0;0.0;3.47
Ecuador;2011;96.9;153000000.0;6600000.0;0.0;147000000.0;0.0;0.0;200000.0;93.95;35.1;19.0;0.1;10.5;13.2;412.2;1148230000.0;720000.0;0.0;1100940000.0;350000.0;0.0;0.0;46220000.0;3.38
Ecuador;2012;97.2;153000000.0;6500000.0;0.0;146000000.0;0.0;0.0;200000.0;94.0;37.8;18.7;0.1;10.8;13.2;429.1;29010000.0;3020000.0;0.0;25820000.0;160000.0;0.0;0.0;0.0;3.17
Ecuador;2013;98.0;152000000.0;6400000.0;0.0;144000000.0;0.0;200000.0;1200000.0;94.2;35.4;18.0;0.1;9.6;11.8;452.1;371920000.0;0.0;0.0;350380000.0;21540000.0;0.0;0.0;0.0;3.21
Ecuador;2014;99.0;153000000.0;9000000.0;0.0;141000000.0;0.0;1700000.0;1300000.0;94.2;37.9;20.0;0.2;10.1;12.2;476.9;6680000.0;10000.0;0.0;0.0;40000.0;0.0;6630000.0;0.0;3.38
Ecuador;2015;98.8;160000000.0;8900000.0;0.0;149000000.0;0.0;1600000.0;1300000.0;94.3;42.7;19.5;0.3;11.2;13.1;478.1;34070000.0;8630000.0;10000.0;24940000.0;490000.0;0.0;0.0;0.0;3.26
Ecuador;2016;98.7;282000000.0;8900000.0;0.0;270000000.0;0.0;1600000.0;1300000.0;94.4;49.9;19.4;0.5;12.9;14.8;473.5;147060000.0;10000.0;0.0;11410000.0;4250000.0;0.0;131389999.99999999;0.0;3.16
Ecuador;2017;99.2;282000000.0;9100000.0;0.0;270000000.0;0.0;1500000.0;1300000.0;94.4;63.6;20.1;0.8;15.4;17.1;495.7;40660000.0;10000.0;250000.0;29440000.0;10600000.0;0.0;360000.0;0.0;3.18
Ecuador;2018;98.7;309000000.0;8900000.0;0.0;298000000.0;0.0;1600000.0;1200000.0;94.5;65.1;18.5;0.7;14.8;16.3;516.0;940000.0;0.0;0.0;0.0;940000.0;0.0;0.0;0.0;3.1
Ecuador;2019;99.1;304000000.0;8700000.0;0.0;293000000.0;0.0;1600000.0;1200000.0;94.4;72.6;18.9;1.0;16.2;17.7;521.6;65040000.00000001;0.0;0.0;0.0;65040000.00000001;0.0;0.0;0.0;3.27
Ecuador;2020;98.9;301000000.0;8600000.0;0.0;290000000.0;0.0;1600000.0;1200000.0;94.4;73.4;18.7;0.5;18.6;20.2;457.8;74620000.0;0.0;0.0;0.0;74620000.0;0.0;0.0;0.0;3.12
Ecuador;2021;100.0;298000000.0;8600000.0;0.0;286000000.0;0.0;1600000.0;1200000.0;94.5;78.8;16.9;0.8;17.5;18.9;510.5;6030000.0;0.0;120000.0;0.0;120000.0;0.0;5790000.0;0.0;3.26
El Salvador;2000;84.5;96000000.0;0.0;27000000.0;69000000.0;0.0;0.0;0.0;58.6;7.4;23.4;0.0;22.7;33.5;92.1;0.0;0.0;0.0;0.0;0.0;0.0;0.0;0.0;3.45
El Salvador;2001;87.1;95000000.0;0.0;27000000.0;68000000.0;0.0;0.0;0.0;60.6;7.0;24.2;0.0;21.6;33.1;94.0;0.0;0.0;0.0;0.0;0.0;0.0;0.0;0.0;3.63
El Salvador;2002;87.5;97000000.0;0.0;27000000.0;71000000.0;0.0;0.0;0.0;62.4;7.1;25.1;0.0;21.5;34.0;94.6;0.0;0.0;0.0;0.0;0.0;0.0;0.0;0.0;3.68
El Salvador;2003;87.0;104000000.0;3300000.0;27000000.0;74000000.0;0.0;0.0;0.0;64.4;8.2;26.1;0.0;21.1;33.8;101.2;0.0;0.0;0.0;0.0;0.0;0.0;0.0;0.0;3.88
El Salvador;2004;87.4;102000000.0;3300000.0;25000000.0;74000000.0;0.0;0.0;0.0;66.15;7.8;27.6;0.0;20.1;33.3;106.3;1430000.0;0.0;0.0;1430000.0;0.0;0.0;0.0;0.0;3.88
El Salvador;2005;87.5;106000000.0;4099999.9999999995;25000000.0;77000000.0;0.0;0.0;0.0;67.8;9.1;28.9;0.0;20.3;34.1;111.6;0.0;0.0;0.0;0.0;0.0;0.0;0.0;0.0;3.88
El Salvador;2006;89.2;109000000.0;5000000.0;25000000.0;79000000.0;0.0;0.0;0.0;69.5;9.7;30.0;0.0;20.1;34.8;114.3;0.0;0.0;0.0;0.0;0.0;0.0;0.0;0.0;3.96
El Salvador;2007;91.1;125000000.0;11000000.0;34000000.0;80000000.0;0.0;0.0;0.0;71.4;10.3;21.1;0.0;16.9;28.2;111.1;290000.0;0.0;0.0;290000.0;0.0;0.0;0.0;0.0;3.94
El Salvador;2008;91.0;132000000.0;18000000.0;34000000.0;80000000.0;0.0;0.0;0.0;73.1;11.2;21.9;0.0;18.2;31.5;105.1;20000.0;0.0;0.0;0.0;20000.0;0.0;0.0;0.0;3.91
El Salvador;2009;91.1;131000000.0;18000000.0;34000000.0;80000000.0;0.0;0.0;0.0;75.2;10.0;23.1;0.0;17.2;32.2;102.9;110000.0;0.0;0.0;100000.0;10000.0;0.0;0.0;0.0;3.93
El Salvador;2010;91.6;129000000.0;16000000.0;33000000.0;80000000.0;0.0;0.0;0.0;77.0;11.8;22.2;0.0;17.8;32.6;104.2;61600000.0;0.0;0.0;61510000.0;90000.0;0.0;0.0;0.0;3.91
El Salvador;2011;92.6;123000000.0;19000000.0;25000000.0;79000000.0;0.0;0.0;0.0;78.6;11.7;18.6;0.0;17.0;29.5;102.7;1000000.0;0.0;0.0;40000.0;630000.0;0.0;320000.0;0.0;3.75
El Salvador;2012;93.7;134000000.0;22000000.0;33000000.0;79000000.0;0.0;0.0;0.0;80.4;11.7;19.7;0.0;17.1;30.3;103.8;1490000.0;0.0;0.0;880000.0;580000.0;0.0;30000.0;0.0;3.71
El Salvador;2013;95.0;134000000.0;22000000.0;33000000.0;79000000.0;0.0;0.0;0.0;82.1;12.3;13.7;0.0;14.5;27.5;94.3;73860000.0;35050000.0;0.0;0.0;20000.0;0.0;38790000.0;0.0;3.43
El Salvador;2014;95.1;134000000.0;22000000.0;33000000.0;79000000.0;0.0;0.0;0.0;83.8;12.9;9.6;0.0;13.7;23.9;93.9;307220000.0;0.0;0.0;307210000.0;10000.0;0.0;0.0;0.0;3.33
El Salvador;2015;95.4;147000000.0;32000000.0;33000000.0;80000000.0;0.0;1800000.0;0.0;85.3;12.6;8.2;0.0;12.7;21.0;99.0;84120000.0;0.0;0.0;18710000.0;0.0;0.0;65410000.0;0.0;3.39
El Salvador;2016;96.0;155000000.0;41000000.0;33000000.0;79000000.0;0.0;1900000.0;0.0;87.0;12.9;8.0;0.0;12.7;20.7;100.9;225680000.0;0.0;151370000.0;0.0;10000.0;0.0;74300000.0;0.0;3.38
El Salvador;2017;96.8;185000000.0;43000000.0;33000000.0;92000000.0;0.0;18000000.0;0.0;88.3;16.6;8.7;0.0;16.4;25.0;101.0;560950000.0;0.0;0.0;197170000.0;26070000.0;0.0;337710000.0;0.0;3.25
El Salvador;2018;97.0;199000000.0;48000000.0;33000000.0;92000000.0;0.0;27000000.0;0.0;89.7;17.4;7.6;0.0;16.1;23.2;108.0;63760000.0;0.0;350000.0;0.0;32390000.0;0.0;31020000.0;0.0;3.27
El Salvador;2019;97.4;244000000.0;49000000.0;33000000.0;92000000.0;0.0;71000000.0;0.0;90.9;16.2;6.7;0.0;13.7;19.4;118.1;1180000.0;0.0;90000.0;0.0;1090000.0;0.0;0.0;0.0;3.38
El Salvador;2020;99.7;254000000.0;47000000.0;32000000.0;91000000.0;0.0;77000000.0;5700000.0;91.9;18.2;5.8;0.0;18.0;23.7;101.5;820000.0;0.0;350000.0;0.0;460000.0;0.0;0.0;0.0;3.35
El Salvador;2021;97.9;265000000.0;48000000.0;32000000.0;91000000.0;0.0;86000000.0;8600000.0;92.9;20.0;5.7;0.0;17.1;21.9;117.2;1890000.0;750000.0;80000.0;0.0;1060000.0;0.0;0.0;0.0;3.26
Guatemala;2000;73.3;62000000.0;14000000.0;2500000.0;45000000.0;0.0;0.0;0.0;40.7;7.1;149.2;0.0;9.4;62.7;249.5;0.0;0.0;0.0;0.0;0.0;0.0;0.0;0.0;4.03
Guatemala;2001;73.7;62000000.0;17000000.0;2000000.0;44000000.0;0.0;0.0;0.0;39.8;8.4;149.2;0.0;9.7;61.3;257.3;0.0;0.0;0.0;0.0;0.0;0.0;0.0;0.0;4.02
Guatemala;2002;78.7;69000000.0;22000000.0;2000000.0;46000000.0;0.0;0.0;0.0;38.9;8.1;173.9;0.0;6.7;63.8;285.5;22950000.0;0.0;0.0;22950000.0;0.0;0.0;0.0;0.0;4.43
Guatemala;2003;78.5;70000000.0;21000000.0;1900000.0;47000000.0;0.0;0.0;0.0;38.3;8.3;181.3;0.0;6.7;64.3;295.0;0.0;0.0;0.0;0.0;0.0;0.0;0.0;0.0;4.41
Guatemala;2004;77.2;75000000.0;23000000.0;2100000.0;50000000.0;0.0;0.0;0.0;37.6;9.6;189.3;0.0;7.3;66.1;300.9;0.0;0.0;0.0;0.0;0.0;0.0;0.0;0.0;4.41
Guatemala;2005;78.3;82000000.0;26000000.0;1800000.0;53000000.0;0.0;0.0;0.0;37.2;11.0;197.1;0.0;7.3;65.2;319.0;40000.0;0.0;0.0;0.0;40000.0;0.0;0.0;0.0;4.37
Guatemala;2006;83.7;84000000.0;27000000.0;1800000.0;55000000.0;0.0;0.0;0.0;36.8;12.7;197.9;0.0;7.8;64.7;325.3;0.0;0.0;0.0;0.0;0.0;0.0;0.0;0.0;4.17
Guatemala;2007;80.7;86000000.0;27000000.0;3100000.0;57000000.0;0.0;0.0;0.0;36.4;12.3;204.3;0.0;7.3;63.3;342.3;0.0;0.0;0.0;0.0;0.0;0.0;0.0;0.0;4.2
Guatemala;2008;81.9;88000000.0;29000000.0;3500000.0;56000000.0;0.0;0.0;0.0;36.5;14.6;207.8;0.0;5.9;66.5;334.3;70000.0;0.0;0.0;60000.0;10000.0;0.0;0.0;0.0;3.96
Guatemala;2009;83.1;87000000.0;29000000.0;3500000.0;55000000.0;0.0;0.0;0.0;36.5;13.4;212.8;0.0;5.4;65.3;346.6;20000.0;0.0;0.0;0.0;20000.0;0.0;0.0;0.0;4.22
Guatemala;2010;84.3;92000000.0;28000000.0;3400000.0;61000000.0;0.0;0.0;0.0;36.6;17.4;221.1;0.0;6.6;67.1;355.6;9610000.0;0.0;0.0;9380000.0;10000.0;0.0;230000.0;0.0;4.14
Guatemala;2011;84.0;96000000.0;32000000.0;3300000.0;61000000.0;0.0;100000.0;0.0;37.2;18.0;227.6;0.0;6.6;67.1;366.2;4980000.0;0.0;0.0;4690000.0;10000.0;0.0;280000.0;0.0;4.06
Guatemala;2012;86.8;104000000.0;35000000.0;3300000.0;65000000.0;0.0;100000.0;0.0;37.6;19.4;232.9;0.0;6.9;67.4;374.6;61740000.0;40000.0;0.0;8750000.0;490000.0;0.0;0.0;52470000.0;4.13
Guatemala;2013;88.1;107000000.0;39000000.0;3200000.0;65000000.0;0.0;200000.0;0.0;37.8;20.2;239.3;0.0;7.0;67.2;386.1;19500000.0;0.0;0.0;550000.0;18950000.0;0.0;0.0;0.0;4.09
Guatemala;2014;85.5;114000000.0;46000000.0;3100000.0;64000000.0;0.0;700000.0;0.0;38.7;21.2;244.3;0.0;7.0;66.2;400.8;25930000.0;0.0;0.0;25520000.0;410000.0;0.0;0.0;0.0;4.09
Guatemala;2015;90.5;136000000.0;55000000.0;3100000.0;68000000.0;0.0;5800000.0;4700000.0;39.3;19.2;248.9;0.0;6.1;63.3;423.5;20000.0;0.0;0.0;0.0;20000.0;0.0;0.0;0.0;4.16
Guatemala;2016;91.8;160000000.0;61000000.0;3000000.0;85000000.0;0.0;5700000.0;4700000.0;40.2;20.7;265.2;0.0;6.2;63.2;452.0;15820000.0;480000.0;0.0;0.0;1520000.0;0.0;13820000.0;0.0;4.37
Guatemala;2017;93.3;162000000.0;62000000.0;3000000.0;87000000.0;0.0;6100000.0;4600000.0;41.0;24.2;281.3;0.0;6.8;65.0;470.2;910000.0;0.0;910000.0;0.0;0.0;0.0;0.0;0.0;4.24
Guatemala;2018;94.2;169000000.0;64000000.0;2900000.0;89000000.0;0.0;6000000.0;6400000.0;42.0;22.8;286.8;0.0;6.3;64.0;483.7;12650000.0;0.0;0.0;0.0;250000.0;0.0;12400000.0;0.0;4.25
Guatemala;2019;95.4;168000000.0;61000000.0;3000000.0;92000000.0;0.0;5900000.0;6300000.0;43.2;22.5;292.2;0.0;6.1;62.8;501.1;62480000.0;0.0;0.0;0.0;0.0;0.0;0.0;62470000.0;4.23
Guatemala;2020;96.6;165000000.0;60000000.0;2800000.0;91000000.0;0.0;5800000.0;6200000.0;44.0;26.2;301.0;0.0;6.9;65.5;499.9;260000.0;0.0;0.0;180000.0;10000.0;0.0;70000.0;0.0;4.23
Guatemala;2021;97.9;153000000.0;49000000.0;2800000.0;89000000.0;0.0;5800000.0;6100000.0;45.0;29.8;310.0;0.0;7.0;62.1;546.9;13060000.0;9740000.0;0.0;0.0;3320000.0;0.0;0.0;0.0;4.42
Haití;2000;33.7;6700000.0;0.0;0.0;6700000.0;0.0;0.0;0.0;2.6;0.5;77.4;0.0;7.6;80.8;96.4;910000.0;0.0;0.0;0.0;910000.0;0.0;0.0;0.0;5.13
Haití;2001;31.5;6600000.0;0.0;0.0;6600000.0;0.0;0.0;0.0;2.7;0.5;78.7;0.0;7.5;80.9;97.9;0.0;0.0;0.0;0.0;0.0;0.0;0.0;0.0;5.06
Haití;2002;33.1;6500000.0;0.0;0.0;6500000.0;0.0;0.0;0.0;2.8;0.4;79.2;0.0;6.7;79.1;100.7;0.0;0.0;0.0;0.0;0.0;0.0;0.0;0.0;5.19
Haití;2003;31.6;6400000.0;0.0;0.0;6400000.0;0.0;0.0;0.0;3.0;0.4;80.5;0.0;6.7;79.0;102.5;0.0;0.0;0.0;0.0;0.0;0.0;0.0;0.0;5.04
Haití;2004;34.1;6300000.0;0.0;0.0;6300000.0;0.0;0.0;0.0;3.1;0.4;83.1;0.0;7.0;81.1;102.9;0.0;0.0;0.0;0.0;0.0;0.0;0.0;0.0;5.21
Haití;2005;34.5;6200000.0;0.0;0.0;6200000.0;0.0;0.0;0.0;3.2;0.6;85.4;0.0;7.1;81.1;106.0;370000.0;0.0;0.0;370000.0;0.0;0.0;0.0;0.0;5.22
Haití;2006;33.9;6100000.0;0.0;0.0;6100000.0;0.0;0.0;0.0;3.2;0.6;87.9;0.0;7.1;81.4;108.8;0.0;0.0;0.0;0.0;0.0;0.0;0.0;0.0;5.28
Haití;2007;35.5;6000000.0;0.0;0.0;6000000.0;0.0;0.0;0.0;3.5;0.3;90.4;0.0;6.5;79.3;114.5;0.0;0.0;0.0;0.0;0.0;0.0;0.0;0.0;5.16
Haití;2008;36.1;5900000.0;0.0;0.0;5900000.0;0.0;0.0;0.0;3.4;0.3;91.2;0.0;5.0;79.6;114.9;0.0;0.0;0.0;0.0;0.0;0.0;0.0;0.0;5.09
Haití;2009;36.6;5800000.0;0.0;0.0;5800000.0;0.0;0.0;0.0;3.6;0.3;94.0;0.0;5.0;80.3;117.4;16230000.0;0.0;0.0;16190000.000000002;0.0;0.0;40000.0;0.0;5.01
Haití;2010;37.2;5800000.0;0.0;0.0;5700000.0;0.0;100000.0;0.0;3.6;0.2;96.1;0.0;4.2;79.0;121.9;2590000.0;460000.0;0.0;900000.0;0.0;0.0;1230000.0;0.0;5.53
Haití;2011;37.8;5700000.0;0.0;0.0;5700000.0;0.0;100000.0;0.0;3.7;0.1;99.2;0.0;4.2;79.0;125.7;34480000.0;0.0;0.0;34480000.0;0.0;0.0;0.0;0.0;5.51
Haití;2012;37.9;5700000.0;0.0;0.0;5600000.0;0.0;100000.0;0.0;3.8;0.3;102.5;0.0;4.6;82.2;125.1;13580000.0;0.0;0.0;3540000.0;8130000.000000001;0.0;1900000.0;0.0;5.66
Haití;2013;38.9;5600000.0;0.0;0.0;5500000.0;0.0;100000.0;0.0;3.8;0.2;102.6;0.0;4.5;80.4;127.9;15500000.0;0.0;0.0;14000000.0;540000.0;0.0;960000.0;0.0;5.59
Haití;2014;39.6;5600000.0;0.0;0.0;5400000.0;0.0;200000.0;0.0;3.8;0.1;101.5;0.0;4.3;77.8;130.6;930000.0;70000.0;0.0;80000.0;0.0;0.0;780000.0;0.0;5.38
Haití;2015;40.8;5500000.0;0.0;0.0;5300000.0;0.0;200000.0;0.0;3.9;0.1;104.1;0.0;4.2;76.1;136.9;53470000.0;0.0;0.0;33790000.0;19330000.0;0.0;350000.0;0.0;5.31
Haití;2016;40.4;5500000.0;0.0;0.0;5300000.0;0.0;200000.0;0.0;3.9;0.1;105.6;0.0;4.2;76.1;138.9;9960000.0;0.0;0.0;0.0;9330000.0;0.0;620000.0;0.0;5.4
Haití;2017;43.3;5400000.0;0.0;0.0;5200000.0;0.0;300000.0;0.0;4.0;0.2;106.8;0.0;4.2;76.2;140.5;28070000.0;0.0;0.0;0.0;5720000.0;0.0;22350000.0;0.0;5.37
Haití;2018;44.4;7300000.0;0.0;0.0;7100000.0;0.0;300000.0;0.0;4.1;0.3;108.4;0.0;4.3;76.2;142.6;820000.0;0.0;0.0;40000.0;370000.0;0.0;410000.0;0.0;5.47
Haití;2019;45.4;7200000.0;0.0;0.0;7000000.0;0.0;300000.0;0.0;4.2;0.3;110.0;0.0;4.3;76.4;144.4;43250000.0;0.0;0.0;0.0;34400000.0;0.0;8850000.0;0.0;5.5
Haití;2020;46.3;7100000.0;0.0;0.0;6900000.0;0.0;200000.0;0.0;4.3;0.2;106.4;0.0;4.3;76.3;139.7;13280000.0;0.0;0.0;0.0;11040000.0;0.0;2230000.0;0.0;5.63
Haití;2021;47.2;7100000.0;0.0;0.0;6800000.0;0.0;200000.0;0.0;4.4;0.2;106.6;0.0;4.2;76.7;139.2;12690000.0;0.0;0.0;990000.0;0.0;0.0;6000000.0;5700000.0;5.88
Honduras;2000;67.4;67000000.0;1500000.0;0.0;65000000.0;0.0;200000.0;0.0;30.1;7.1;55.9;0.0;14.2;55.2;114.1;35850000.0;0.0;0.0;35850000.0;0.0;0.0;0.0;0.0;4.65
Honduras;2001;64.2;65000000.0;1400000.0;0.0;63000000.0;0.0;300000.0;0.0;32.1;6.0;55.2;0.0;12.7;50.4;121.4;0.0;0.0;0.0;0.0;0.0;0.0;0.0;0.0;4.88
Honduras;2002;63.1;69000000.0;3100000.0;0.0;66000000.0;0.0;300000.0;0.0;33.4;5.2;57.9;0.0;12.8;49.8;126.7;0.0;0.0;0.0;0.0;0.0;0.0;0.0;0.0;4.93
Honduras;2003;65.1;69000000.0;3000000.0;0.0;66000000.0;0.0;300000.0;0.0;34.8;5.5;59.6;0.0;11.7;47.9;135.8;220000.0;0.0;220000.0;0.0;0.0;0.0;0.0;0.0;5.12
Honduras;2004;67.1;71000000.0;4500000.0;0.0;66000000.0;0.0;300000.0;0.0;36.2;4.5;60.2;0.0;9.4;46.7;138.5;0.0;0.0;0.0;0.0;0.0;0.0;0.0;0.0;5.23
Honduras;2005;68.9;73000000.0;7800000.0;0.0;65000000.0;0.0;400000.0;0.0;37.5;5.0;69.6;0.0;14.0;51.4;145.2;6390000.0;0.0;0.0;1830000.0;4560000.0;0.0;0.0;0.0;4.89
Honduras;2006;71.3;73000000.0;7700000.0;0.0;65000000.0;0.0;400000.0;0.0;38.9;5.9;73.4;0.0;14.7;52.2;151.9;0.0;0.0;0.0;0.0;0.0;0.0;0.0;0.0;5.0
Honduras;2007;73.5;76000000.0;10000000.0;0.0;66000000.0;0.0;400000.0;0.0;39.8;6.7;78.2;0.0;14.9;50.6;167.9;30000.0;30000.0;0.0;0.0;0.0;0.0;0.0;0.0;5.04
Honduras;2008;76.4;74000000.0;9100000.0;0.0;64000000.0;0.0;400000.0;0.0;40.75;7.2;76.0;0.0;12.3;50.0;166.6;20000.0;0.0;0.0;0.0;20000.0;0.0;0.0;0.0;4.91
Honduras;2009;78.3;74000000.0;10000000.0;0.0;63000000.0;0.0;400000.0;0.0;42.1;8.7;71.5;0.0;9.0;50.5;159.0;140000.0;0.0;0.0;0.0;140000.0;0.0;0.0;0.0;4.97
Honduras;2010;81.0;74000000.0;10000000.0;0.0;63000000.0;0.0;400000.0;0.0;42.4;8.8;81.7;0.0;12.6;53.6;168.9;140910000.0;18550000.0;0.0;57900000.0;280000.0;0.0;0.0;64190000.0;4.86
Honduras;2011;82.2;85000000.0;10000000.0;0.0;62000000.0;0.0;500000.0;12000000.0;43.4;8.5;82.6;0.0;10.4;50.9;179.0;14370000.0;0.0;0.0;13370000.0;1000000.0;0.0;0.0;0.0;5.17
Honduras;2012;83.6;89000000.0;15000000.0;0.0;62000000.0;0.0;600000.0;12000000.0;44.1;8.7;83.3;0.0;9.6;49.3;186.5;25480000.0;40000.0;0.0;25200000.0;240000.0;0.0;0.0;0.0;5.1
Honduras;2013;87.2;88000000.0;13000000.0;0.0;63000000.0;0.0;600000.0;11000000.0;44.5;8.5;84.3;0.0;9.5;51.1;181.7;385620000.0;33470000.0;0.0;0.0;245590000.0;0.0;48310000.0;58250000.0;4.99
Honduras;2014;88.7;101000000.0;15000000.0;0.0;69000000.0;0.0;600000.0;17000000.0;45.0;8.7;87.2;0.0;10.3;52.2;183.8;193360000.0;0.0;0.0;15120000.0;12400000.0;0.0;165850000.0;0.0;4.94
Honduras;2015;90.0;146000000.0;18000000.0;0.0;69000000.0;0.0;43000000.0;17000000.0;45.9;10.0;90.6;0.0;10.2;50.8;198.2;422450000.0;0.0;0.0;174020000.0;104360000.0;0.0;144070000.0;0.0;5.18
Honduras;2016;91.6;157000000.0;23000000.0;0.0;72000000.0;0.0;44000000.0;19000000.0;46.5;11.2;89.8;0.0;12.6;52.7;191.8;81630000.0;0.0;0.0;0.0;260000.0;0.0;81380000.0;0.0;5.01
Honduras;2017;86.5;168000000.0;22000000.0;3600000.0;71000000.0;0.0;47000000.0;24000000.0;46.9;14.5;62.4;0.0;14.5;45.6;168.6;269590000.0;0.0;148970000.0;0.0;16270000.0;0.0;81580000.0;22770000.0;4.1
Honduras;2018;91.6;173000000.0;22000000.0;3600000.0;72000000.0;0.0;53000000.0;23000000.0;47.6;16.1;67.5;0.0;15.0;48.9;171.1;109570000.0;0.0;0.0;0.0;85170000.0;0.0;24390000.0;0.0;4.21
Honduras;2019;91.1;175000000.0;23000000.0;3500000.0;73000000.0;0.0;52000000.0;24000000.0;48.1;14.4;66.6;0.0;13.6;46.2;175.4;1050000.0;0.0;0.0;120000.0;590000.0;0.0;340000.0;0.0;4.35
Honduras;2020;93.1;184000000.0;22000000.0;3900000.0;83000000.0;0.0;52000000.0;24000000.0;48.9;13.2;66.9;0.0;13.8;50.2;159.9;87900000.0;0.0;0.0;19140000.0;68760000.0;0.0;0.0;0.0;4.41
Honduras;2021;94.1;183000000.0;22000000.0;3800000.0;83000000.0;0.0;51000000.0;23000000.0;49.4;17.2;65.1;0.0;14.4;45.9;179.0;17700000.0;0.0;0.0;650000.0;20000.0;0.0;17020000.0;0.0;4.22
México;2000;98.0;111000000.0;3400000.0;8600000.0;99000000.0;0.0;100000.0;200000.0;82.5;102.8;344.5;0.8;12.2;12.2;3682.6;2600000.0;0.0;0.0;10000.0;2590000.0;0.0;0.0;0.0;3.31
México;2001;97.1;111000000.0;4700000.0;8500000.0;97000000.0;0.0;200000.0;200000.0;83.3;90.0;317.6;0.7;11.3;11.3;3598.3;3750000.0;0.0;0.0;0.0;3750000.0;0.0;0.0;0.0;3.42
México;2002;97.9;109000000.0;4700000.0;8500000.0;96000000.0;0.0;200000.0;200000.0;83.7;80.6;311.9;0.6;10.7;10.7;3679.5;15460000.0;0.0;0.0;0.0;15460000.0;0.0;0.0;10000.0;3.47
México;2003;97.4;109000000.0;4600000.0;9300000.0;94000000.0;0.0;200000.0;200000.0;84.3;74.7;315.1;0.5;10.2;10.2;3838.4;270000.0;0.0;0.0;140000.0;130000.0;0.0;0.0;0.0;3.67
México;2004;98.6;116000000.0;4600000.0;9200000.0;102000000.0;0.0;200000.0;200000.0;84.8;93.9;316.7;0.6;10.2;10.2;4025.0;580000.0;0.0;0.0;30000.0;150000.0;0.0;0.0;400000.0;3.61
México;2005;98.9;114000000.0;4600000.0;9000000.0;101000000.0;0.0;200000.0;200000.0;85.2;103.2;328.1;0.6;10.3;10.3;4190.0;36570000.0;0.0;0.0;0.0;36570000.0;0.0;0.0;0.0;3.73
México;2006;99.1;116000000.0;4500000.0;8900000.0;101000000.0;0.0;100000.0;900000.0;85.2;106.5;325.4;0.6;9.8;9.8;4401.6;35700000.0;130000.0;0.0;0.0;35560000.0;0.0;0.0;0.0;3.62
México;2007;97.9;121000000.0;4500000.0;8800000.0;107000000.0;0.0;200000.0;900000.0;85.3;102.8;321.2;0.6;9.5;9.5;4489.2;180000.0;80000.0;0.0;0.0;100000.0;0.0;0.0;0.0;3.53
México;2008;98.9;118000000.0;3700000.0;8700000.0;104000000.0;0.0;200000.0;900000.0;85.4;131.3;320.7;0.7;9.8;9.8;4633.1;7300000.0;80000.0;0.0;0.0;7210000.0;0.0;0.0;0.0;3.51
México;2009;98.3;119000000.0;2900000.0;8600000.0;103000000.0;0.0;200000.0;3800000.0;85.2;95.4;306.3;0.5;9.2;9.2;4387.3;4920000.0;20000.0;0.0;0.0;330000.0;0.0;4500000.0;60000.0;3.67
México;2010;99.2;119000000.0;3700000.0;7800000.0;103000000.0;0.0;300000.0;4600000.0;85.1;128.2;301.8;0.7;9.4;9.4;4601.6;89890000.0;0.0;0.0;0.0;51580000.0;0.0;0.0;38310000.0;3.47
México;2011;99.0;118000000.0;3500000.0;7100000.0;101000000.0;0.0;400000.0;5300000.0;84.8;124.7;305.4;0.6;9.1;9.1;4750.7;1080000.0;0.0;0.0;0.0;20000.0;0.0;0.0;1060000.0;3.51
México;2012;99.1;128000000.0;4200000.0;7200000.0;100000000.0;0.0;600000.0;16000000.0;84.7;122.4;304.2;0.6;9.0;9.0;4764.1;402560000.0;410000.0;0.0;0.0;401220000.0;0.0;920000.0;0.0;3.48
México;2013;99.1;130000000.0;4600000.0;7300000.0;99000000.0;0.0;900000.0;18000000.0;84.6;115.1;324.6;0.5;9.2;9.2;4768.8;51460000.0;0.0;0.0;0.0;25290000.0;0.0;26170000.0;0.0;3.45
México;2014;99.2;141000000.0;5300000.0;7300000.0;105000000.0;0.0;1500000.0;22000000.0;84.4;158.6;299.9;0.7;9.8;9.8;4705.2;433360000.0;6900000.0;55420000.0;0.0;66410000.0;0.0;17850000.0;286780000.0;3.3
México;2015;99.0;145000000.0;6100000.0;7500000.0;102000000.0;0.0;2400000.0;27000000.0;84.5;141.0;299.1;0.6;9.2;9.2;4793.4;214220000.0;0.0;110570000.0;0.0;77330000.0;0.0;26310000.0;10000.0;3.16
México;2016;99.5;157000000.0;7600000.0;7600000.0;104000000.0;0.0;5200000.0;33000000.0;84.7;148.6;300.0;0.6;9.2;9.2;4872.4;503860000.0;0.0;0.0;0.0;412450000.0;0.0;91410000.0;0.0;3.1
México;2017;100.0;162000000.0;7900000.0;7700000.0;103000000.0;0.0;9200000.0;34000000.0;84.8;158.6;336.0;0.6;10.0;10.0;4927.9;549750000.0;0.0;0.0;0.0;392320000.0;0.0;157430000.0;0.0;2.98
México;2018;99.5;172000000.0;7800000.0;7600000.0;102000000.0;0.0;21000000.0;34000000.0;85.0;163.6;319.2;0.6;10.3;10.3;4712.4;324870000.0;4920000.0;0.0;4920000.0;235990000.0;0.0;74100000.0;4920000.0;2.99
México;2019;99.6;212000000.0;7800000.0;7800000.0;106000000.0;0.0;38000000.0;52000000.0;85.2;160.5;321.7;0.6;10.3;10.3;4706.3;430540000.0;0.0;810000.0;0.0;142770000.0;0.0;270750000.0;16200000.0;2.97
México;2020;99.4;230000000.0;7700000.0;7700000.0;106000000.0;0.0;53000000.0;56000000.0;85.4;213.5;287.2;0.7;12.3;12.3;4088.9;601330000.0;0.0;91440000.0;0.0;139940000.0;0.0;369950000.0;0.0;3.04
México;2021;100.0;242000000.0;7700000.0;7900000.0;105000000.0;0.0;65000000.0;56000000.0;85.7;202.6;309.8;1.1;13.0;13.0;3958.5;334370000.0;0.0;300000.0;237700000.0;15960000.0;0.0;80410000.0;0.0;2.99
Nicaragua;2000;73.0;40000000.0;5400000.0;14000000.0;21000000.0;0.0;0.0;0.0;34.0;1.2;44.8;0.0;9.9;58.4;78.6;30000.0;0.0;0.0;0.0;0.0;0.0;30000.0;0.0;5.21
Nicaragua;2001;72.2;40000000.0;5400000.0;13000000.0;21000000.0;0.0;0.0;0.0;34.9;1.1;42.6;0.0;6.9;56.7;77.2;20000.0;0.0;0.0;10000.0;0.0;0.0;10000.0;0.0;5.11
Nicaragua;2002;74.1;42000000.0;7800000.0;15000000.0;20000000.0;0.0;0.0;0.0;36.0;1.5;40.9;0.0;5.0;54.7;77.5;750000.0;0.0;0.0;0.0;0.0;0.0;750000.0;0.0;5.07
Nicaragua;2003;74.6;46000000.0;12000000.0;15000000.0;20000000.0;0.0;0.0;0.0;36.9;1.8;39.9;0.0;8.7;51.5;80.9;16649999.999999998;0.0;0.0;3250000.0;13360000.0;0.0;10000.0;30000.0;5.13
Nicaragua;2004;75.2;56000000.0;23000000.0;14000000.0;19000000.0;0.0;0.0;0.0;38.1;2.0;40.4;0.0;9.0;51.2;82.7;200000.0;0.0;0.0;20000.0;70000.0;0.0;0.0;120000.0;5.14
Nicaragua;2005;73.8;58000000.0;22000000.0;16000000.0;19000000.0;0.0;0.0;0.0;38.8;2.6;40.9;0.0;10.2;52.8;82.5;50000.0;0.0;0.0;0.0;0.0;0.0;30000.0;20000.0;5.01
Nicaragua;2006;76.3;57000000.0;22000000.0;16000000.0;19000000.0;0.0;0.0;0.0;39.9;2.4;43.8;0.0;9.2;53.3;86.6;60000.0;0.0;0.0;0.0;60000.0;0.0;0.0;0.0;5.0
Nicaragua;2007;76.9;56000000.0;22000000.0;16000000.0;19000000.0;0.0;0.0;0.0;40.9;2.4;44.0;0.0;9.1;52.6;88.2;110000.0;0.0;0.0;0.0;110000.0;0.0;0.0;0.0;4.84
Nicaragua;2008;77.5;55000000.0;21000000.0;15000000.0;19000000.0;0.0;0.0;0.0;42.0;3.1;44.0;0.0;9.8;53.8;87.5;2049999.9999999998;0.0;0.0;0.0;110000.0;0.0;1900000.0;50000.0;4.69
Nicaragua;2009;77.9;61000000.0;21000000.0;15000000.0;18000000.0;0.0;0.0;6900000.0;43.2;2.8;43.7;0.0;9.1;54.6;85.2;37760000.0;0.0;0.0;37410000.0;60000.0;0.0;150000.0;140000.0;4.82
Nicaragua;2010;80.1;64000000.0;21000000.0;15000000.0;18000000.0;0.0;0.0;11000000.0;44.4;3.5;44.2;0.0;10.1;54.4;87.7;143800000.0;0.0;73780000.0;7590000.0;30720000.0;0.0;10530000.0;21170000.0;4.73
Nicaragua;2011;81.2;64000000.0;20000000.0;15000000.0;18000000.0;0.0;0.0;11000000.0;45.7;3.5;44.6;0.0;10.0;53.3;90.2;44440000.0;2100000.0;16420000.000000002;25780000.0;80000.0;0.0;0.0;50000.0;4.53
Nicaragua;2012;81.3;91000000.0;22000000.0;27000000.0;18000000.0;0.0;0.0;24000000.0;46.9;4.7;45.1;0.0;11.2;53.3;93.6;79380000.0;0.0;0.0;100000.0;37030000.0;0.0;0.0;42240000.0;4.61
Nicaragua;2013;81.9;91000000.0;22000000.0;25000000.0;20000000.0;0.0;200000.0;24000000.0;48.3;6.0;45.2;0.0;12.4;54.3;94.2;138060000.0;0.0;110000.0;123480000.0;14440000.0;0.0;40000.0;0.0;4.53
Nicaragua;2014;81.9;96000000.0;22000000.0;25000000.0;19000000.0;0.0;200000.0;30000000.0;49.6;6.5;45.5;0.0;12.6;53.0;98.0;158850000.0;0.0;0.0;154600000.0;4240000.0;0.0;10000.0;0.0;4.46
Nicaragua;2015;83.2;97000000.0;21000000.0;25000000.0;22000000.0;0.0;200000.0;30000000.0;51.0;6.3;45.6;0.0;11.5;50.0;103.6;73850000.0;0.0;0.0;0.0;73830000.0;0.0;10000.0;0.0;4.5
Nicaragua;2016;83.9;104000000.0;28000000.0;24000000.0;22000000.0;0.0;200000.0;29000000.0;52.1;6.9;45.9;0.0;11.9;49.5;106.6;172200000.0;0.0;98020000.0;0.0;930000.0;0.0;73250000.0;0.0;4.45
Nicaragua;2017;84.6;104000000.0;28000000.0;24000000.0;22000000.0;0.0;2200000.0;29000000.0;53.4;7.6;46.2;0.0;12.2;48.9;109.9;167350000.0;0.0;1160000.0;0.0;115150000.0;0.0;51030000.0;0.0;4.36
Nicaragua;2018;85.2;103000000.0;27000000.0;24000000.0;22000000.0;0.0;2100000.0;28000000.0;54.6;7.9;46.2;0.0;12.8;51.3;105.5;21640000.0;0.0;0.0;0.0;21520000.0;0.0;120000.0;0.0;4.46
Nicaragua;2019;85.7;110000000.0;33000000.0;23000000.0;24000000.0;0.0;2500000.0;28000000.0;55.9;7.7;46.1;0.0;12.1;50.5;106.7;8480000.0;0.0;8260000.0;0.0;40000.0;0.0;180000.0;0.0;4.65
Nicaragua;2020;86.0;109000000.0;33000000.0;23000000.0;23000000.0;0.0;2400000.0;28000000.0;56.9;9.2;46.2;0.0;13.4;52.3;106.1;152670000.0;0.0;0.0;0.0;152320000.0;0.0;220000.0;120000.0;4.55
Nicaragua;2021;86.3;107000000.0;32000000.0;22000000.0;23000000.0;0.0;2400000.0;27000000.0;58.1;9.7;47.1;0.0;13.5;50.4;112.6;190510000.0;0.0;82830000.0;0.0;440000.0;0.0;107250000.0;0.0;4.29
Panamá;2000;81.4;224000000.0;20000000.0;0.0;204000000.0;0.0;100000.0;0.0;100.0;9.6;10.9;0.0;18.0;27.7;74.3;0.0;0.0;0.0;0.0;0.0;0.0;0.0;0.0;2.19
Panamá;2001;81.5;220000000.0;20000000.0;0.0;200000000.0;0.0;100000.0;0.0;100.0;7.0;11.3;0.0;14.6;24.0;75.8;250000.0;0.0;0.0;250000.0;0.0;0.0;0.0;0.0;2.49
Panamá;2002;82.1;244000000.0;19000000.0;0.0;225000000.0;0.0;200000.0;0.0;100.0;9.6;12.2;0.0;19.2;28.7;75.7;0.0;0.0;0.0;0.0;0.0;0.0;0.0;0.0;2.21
Panamá;2003;87.8;281000000.0;19000000.0;0.0;262000000.0;0.0;200000.0;0.0;100.0;7.9;12.0;0.0;17.6;27.4;72.7;0.0;0.0;0.0;0.0;0.0;0.0;0.0;0.0;2.12
Panamá;2004;83.4;280000000.0;18000000.0;0.0;261000000.0;0.0;200000.0;0.0;100.0;10.9;11.9;0.0;19.4;28.2;80.8;0.0;0.0;0.0;0.0;0.0;0.0;0.0;0.0;1.96
Panamá;2005;84.1;274000000.0;18000000.0;0.0;256000000.0;0.0;200000.0;0.0;100.0;11.1;10.9;0.0;15.4;22.8;96.3;0.0;0.0;0.0;0.0;0.0;0.0;0.0;0.0;2.07
Panamá;2006;84.8;269000000.0;18000000.0;0.0;251000000.0;0.0;200000.0;0.0;100.0;10.7;11.4;0.0;14.8;22.1;99.9;0.0;0.0;0.0;0.0;0.0;0.0;0.0;0.0;2.02
Panamá;2007;85.5;264000000.0;17000000.0;0.0;247000000.0;0.0;300000.0;0.0;100.0;11.0;11.2;0.0;15.3;22.8;97.5;0.0;0.0;0.0;0.0;0.0;0.0;0.0;0.0;1.8
Panamá;2008;86.3;266000000.0;17000000.0;0.0;249000000.0;0.0;400000.0;0.0;100.0;12.2;10.4;0.0;16.1;23.4;96.9;10000.0;0.0;0.0;0.0;10000.0;0.0;0.0;0.0;1.57
Panamá;2009;87.0;264000000.0;17000000.0;0.0;247000000.0;0.0;400000.0;0.0;100.0;11.7;10.5;0.0;14.0;20.4;108.8;10000.0;0.0;0.0;0.0;10000.0;0.0;0.0;0.0;1.71
Panamá;2010;86.9;276000000.0;17000000.0;0.0;259000000.0;0.0;500000.0;0.0;100.0;12.8;10.8;0.0;14.3;20.6;114.3;10070000.0;0.0;0.0;10060000.0;10000.0;0.0;0.0;0.0;1.79
Panamá;2011;88.6;384000000.0;16000000.0;0.0;367000000.0;0.0;700000.0;0.0;100.0;12.5;11.3;0.0;13.8;19.7;120.6;73270000.0;0.0;0.0;73260000.0;10000.0;0.0;0.0;0.0;1.79
Panamá;2012;89.3;408000000.0;16000000.0;0.0;391000000.0;0.0;800000.0;0.0;100.0;16.2;11.2;0.0;15.7;21.2;129.1;0.0;0.0;0.0;0.0;0.0;0.0;0.0;0.0;1.68
Panamá;2013;89.1;413000000.0;16000000.0;0.0;391000000.0;0.0;1000000.0;5200000.0;100.0;15.6;11.3;0.2;15.3;20.7;131.0;1970000.0;0.0;0.0;0.0;0.0;0.0;1970000.0;0.0;1.53
Panamá;2014;90.8;449000000.0;15000000.0;0.0;417000000.0;0.0;1600000.0;14000000.0;100.0;15.7;10.9;0.6;14.6;19.8;137.7;202330000.0;0.0;10000.0;0.0;29110000.0;0.0;0.0;173200000.0;1.53
Panamá;2015;91.6;527000000.0;15000000.0;0.0;436000000.0;0.0;12000000.0;64000000.0;100.0;20.1;10.7;0.1;16.9;22.0;140.6;51800000.0;0.0;1060000.0;0.0;0.0;0.0;50740000.0;0.0;1.45
Panamá;2016;92.4;546000000.0;17000000.0;0.0;439000000.0;0.0;23000000.0;67000000.0;100.0;21.0;10.5;0.1;17.2;22.1;142.8;401590000.0;0.0;0.0;0.0;139920000.0;0.0;250250000.0;11410000.0;1.44
Panamá;2017;93.7;552000000.0;17000000.0;0.0;434000000.0;0.0;36000000.0;66000000.0;100.0;23.5;11.1;0.1;18.9;23.7;146.7;137140000.0;0.0;0.0;0.0;137140000.0;0.0;0.0;0.0;1.37
Panamá;2018;93.8;559000000.0;16000000.0;0.0;432000000.0;0.0;45000000.0;65000000.0;100.0;26.0;9.8;0.1;19.7;24.5;146.4;380000.0;0.0;0.0;0.0;320000.0;0.0;60000.0;0.0;1.34
Panamá;2019;93.9;555000000.0;16000000.0;0.0;423000000.0;0.0;52000000.0;64000000.0;100.0;18.3;10.7;0.2;14.4;19.0;153.4;98540000.0;0.0;0.0;0.0;98530000.0;10000.0;0.0;0.0;1.48
Panamá;2020;95.3;554000000.0;16000000.0;0.0;422000000.0;0.0;53000000.0;63000000.0;100.0;24.3;10.4;0.2;22.8;28.5;122.3;283160000.0;0.0;0.0;0.0;283160000.0;0.0;0.0;0.0;1.46
Panamá;2021;95.3;601000000.0;16000000.0;0.0;416000000.0;0.0;107000000.0;62000000.0;100.0;31.4;10.2;0.2;23.3;28.0;149.6;280000.0;0.0;0.0;0.0;270000.0;10000.0;0.0;0.0;1.41
Paraguay;2000;89.6;1442000000.0;0.0;0.0;1442000000.0;0.0;0.0;0.0;48.9;16.1;91.1;0.4;42.3;70.4;152.7;0.0;0.0;0.0;0.0;0.0;0.0;0.0;0.0;3.56
Paraguay;2001;91.0;1422000000.0;0.0;0.0;1422000000.0;0.0;0.0;0.0;49.0;16.2;92.1;0.3;40.1;69.8;155.5;10000.0;0.0;0.0;10000.0;0.0;0.0;0.0;0.0;3.65
Paraguay;2002;91.7;1398000000.0;0.0;0.0;1398000000.0;0.0;0.0;0.0;48.8;15.9;87.3;0.0;38.6;67.7;152.4;0.0;0.0;0.0;0.0;0.0;0.0;0.0;0.0;3.62
Paraguay;2003;92.6;1384000000.0;0.0;0.0;1384000000.0;0.0;0.0;0.0;48.9;15.5;88.2;0.0;37.6;67.1;154.8;0.0;0.0;0.0;0.0;0.0;0.0;0.0;0.0;3.55
Paraguay;2004;93.2;1368000000.0;0.0;0.0;1368000000.0;0.0;0.0;0.0;49.0;16.0;87.7;0.0;38.1;66.8;155.3;0.0;0.0;0.0;0.0;0.0;0.0;0.0;0.0;3.44
Paraguay;2005;94.7;1353000000.0;100000.0;0.0;1353000000.0;0.0;0.0;0.0;49.3;17.1;87.6;0.7;40.7;68.8;153.0;0.0;0.0;0.0;0.0;0.0;0.0;0.0;0.0;3.33
Paraguay;2006;96.7;1339000000.0;100000.0;0.0;1339000000.0;0.0;0.0;0.0;50.2;18.4;82.5;0.6;42.1;66.5;152.9;190990000.0;0.0;0.0;190990000.0;0.0;0.0;0.0;0.0;3.27
Paraguay;2007;96.5;1326000000.0;100000.0;0.0;1326000000.0;0.0;0.0;0.0;51.6;20.1;83.8;1.1;43.2;68.4;153.4;0.0;0.0;0.0;0.0;0.0;0.0;0.0;0.0;3.16
Paraguay;2008;96.7;1437000000.0;100000.0;0.0;1437000000.0;0.0;0.0;0.0;53.1;21.5;85.8;1.2;41.5;65.8;164.9;0.0;0.0;0.0;0.0;0.0;0.0;0.0;0.0;3.18
Paraguay;2009;96.9;1426000000.0;100000.0;0.0;1426000000.0;0.0;0.0;0.0;55.0;23.2;86.2;2.2;41.2;65.4;170.8;90000.0;0.0;0.0;0.0;90000.0;0.0;0.0;0.0;3.25
Paraguay;2010;97.4;1527000000.0;100000.0;0.0;1527000000.0;0.0;0.0;0.0;56.9;24.7;87.8;3.0;40.9;63.6;181.5;100000.0;0.0;0.0;20000.0;80000.0;0.0;0.0;0.0;3.12
Paraguay;2011;98.2;1508000000.0;100000.0;0.0;1508000000.0;0.0;0.0;0.0;59.3;27.3;84.7;3.1;40.5;62.5;184.3;40000.0;0.0;0.0;0.0;40000.0;0.0;0.0;0.0;3.04
Paraguay;2012;97.8;1487000000.0;100000.0;0.0;1487000000.0;0.0;0.0;0.0;61.1;29.6;84.0;3.3;42.1;63.4;184.3;0.0;0.0;0.0;0.0;0.0;0.0;0.0;0.0;3.07
Paraguay;2013;99.0;1474000000.0;6600000.0;0.0;1467000000.0;0.0;0.0;0.0;62.8;32.9;80.3;3.9;43.3;62.6;187.2;90000.0;0.0;0.0;0.0;90000.0;0.0;0.0;0.0;2.86
Paraguay;2014;99.0;1453000000.0;6500000.0;0.0;1446000000.0;0.0;0.0;0.0;64.4;36.1;83.0;4.3;43.7;62.5;197.4;0.0;0.0;0.0;0.0;0.0;0.0;0.0;0.0;2.84
Paraguay;2015;99.3;1432000000.0;6400000.0;0.0;1426000000.0;0.0;0.0;0.0;65.5;38.1;83.1;5.2;42.9;60.5;208.8;0.0;0.0;0.0;0.0;0.0;0.0;0.0;0.0;3.01
Paraguay;2016;98.4;1412000000.0;6300000.0;0.0;1406000000.0;0.0;0.0;0.0;66.4;39.6;110.5;6.1;41.5;62.5;249.9;400000.0;0.0;0.0;0.0;400000.0;0.0;0.0;0.0;3.4
Paraguay;2017;99.3;1392000000.0;6200000.0;0.0;1386000000.0;0.0;0.0;0.0;67.2;41.6;110.8;6.3;39.8;60.1;264.0;0.0;0.0;0.0;0.0;0.0;0.0;0.0;0.0;3.42
Paraguay;2018;99.6;1373000000.0;6100000.0;0.0;1367000000.0;0.0;0.0;0.0;67.7;45.0;109.3;6.9;40.5;59.2;272.2;142930000.0;0.0;0.0;142930000.0;0.0;0.0;0.0;0.0;3.4
Paraguay;2019;99.7;1356000000.0;6300000.0;0.0;1349000000.0;0.0;0.0;0.0;68.1;46.2;107.4;8.1;41.6;60.1;269.2;780000.0;0.0;0.0;490000.0;290000.0;0.0;0.0;0.0;3.39
Paraguay;2020;99.7;1337000000.0;6300000.0;0.0;1331000000.0;0.0;0.0;0.0;68.3;49.4;103.8;7.0;43.4;61.5;260.6;426240000.0;0.0;0.0;0.0;426240000.0;0.0;0.0;0.0;3.32
Paraguay;2021;100.0;1320000000.0;6200000.0;0.0;1314000000.0;0.0;0.0;0.0;68.6;49.3;104.9;8.4;42.5;58.8;276.5;90000.0;0.0;0.0;40000.0;50000.0;0.0;0.0;0.0;3.4
Perú;2000;72.5;109000000.0;1300000.0;0.0;107000000.0;0.0;0.0;0.0;42.3;51.1;135.8;0.0;16.4;38.6;484.7;1170000.0;0.0;0.0;0.0;0.0;0.0;1170000.0;0.0;3.24
Perú;2001;72.1;111000000.0;1300000.0;0.0;110000000.0;0.0;100000.0;0.0;45.35;56.2;136.9;0.0;18.0;41.2;468.3;210000.0;0.0;0.0;0.0;0.0;0.0;210000.0;0.0;3.12
Perú;2002;74.4;111000000.0;1300000.0;0.0;110000000.0;0.0;100000.0;0.0;48.7;57.7;134.8;0.0;18.1;40.2;478.8;100780000.0;220000.0;0.0;100550000.0;0.0;0.0;0.0;0.0;2.96
Perú;2003;74.4;111000000.0;1600000.0;0.0;110000000.0;0.0;100000.0;0.0;51.2;59.4;134.2;0.0;18.7;40.9;473.3;310000.0;0.0;0.0;310000.0;0.0;0.0;0.0;0.0;2.79
Perú;2004;75.7;111000000.0;1600000.0;0.0;110000000.0;0.0;200000.0;0.0;53.8;56.5;133.2;0.0;16.7;37.8;501.5;120000.0;0.0;0.0;120000.0;0.0;0.0;0.0;0.0;2.89
Perú;2005;77.2;116000000.0;1500000.0;0.0;114000000.0;0.0;200000.0;0.0;55.9;59.2;130.2;0.0;16.8;38.3;493.8;310000.0;0.0;0.0;200000.0;110000.0;0.0;0.0;0.0;2.88
Perú;2006;80.2;115000000.0;1500000.0;0.0;113000000.0;0.0;200000.0;0.0;58.1;64.3;129.4;0.0;17.8;38.7;500.6;8230000.0;0.0;0.0;180000.0;7850000.0;0.0;200000.0;0.0;2.59
Perú;2007;82.0;114000000.0;1100000.0;0.0;113000000.0;0.0;200000.0;0.0;60.1;64.6;126.9;0.0;16.4;36.0;531.1;750000.0;10000.0;0.0;0.0;680000.0;0.0;60000.0;0.0;2.54
Perú;2008;84.7;114000000.0;1400000.0;0.0;113000000.0;0.0;300000.0;0.0;61.9;63.3;132.6;0.0;14.9;33.7;581.2;970000.0;0.0;0.0;20000.0;930000.0;0.0;20000.0;0.0;2.56
Perú;2009;86.4;116000000.0;2600000.0;0.0;113000000.0;0.0;300000.0;0.0;63.9;64.7;135.0;2.4;15.0;32.9;614.2;1680000.0;20000.0;0.0;1170000.0;460000.0;0.0;0.0;30000.0;2.56
Perú;2010;88.1;120000000.0;2200000.0;0.0;118000000.0;0.0;400000.0;0.0;65.7;65.6;131.2;9.2;15.8;32.2;640.4;99240000.0;550000.0;0.0;90950000.0;3970000.0;0.0;3760000.0;20000.0;2.46
Perú;2011;89.7;120000000.0;2900000.0;0.0;117000000.0;0.0;600000.0;0.0;67.8;67.8;126.8;11.6;15.7;30.6;673.4;239930000.0;0.0;0.0;30870000.0;5860000.0;0.0;162850000.0;40340000.0;2.66
Perú;2012;91.1;125000000.0;4400000.0;0.0;117000000.0;0.0;3400000.0;0.0;69.8;71.5;126.3;10.7;16.6;30.8;677.4;254170000.0;0.0;0.0;0.0;27990000.0;0.0;226170000.0;0.0;2.69
Perú;2013;92.1;126000000.0;4400000.0;0.0;118000000.0;0.0;3600000.0;0.0;71.7;74.3;121.2;11.4;15.4;28.4;729.7;313220000.0;0.0;0.0;0.0;87980000.0;0.0;0.0;225230000.0;2.44
Perú;2014;92.9;134000000.0;4300000.0;0.0;120000000.0;0.0;4300000.0;4700000.0;73.7;74.8;122.1;11.4;15.6;28.6;729.3;203240000.0;40000.0;0.0;65310000.0;69870000.0;0.0;47600000.0;20410000.0;2.51
Perú;2015;93.9;151000000.0;4300000.0;0.0;135000000.0;0.0;4400000.0;7800000.0;75.5;80.2;117.4;12.5;15.7;27.4;766.1;92990000.0;210000.0;0.0;68640000.0;200000.0;0.0;0.0;23940000.0;2.51
Perú;2016;94.2;184000000.0;5100000.0;0.0;166000000.0;0.0;4700000.0;7700000.0;77.6;82.2;119.4;13.8;16.0;27.2;792.0;112860000.0;1570000.0;0.0;0.0;54210000.0;0.0;57070000.0;0.0;2.52
Perú;2017;94.8;184000000.0;5400000.0;0.0;162000000.0;0.0;9400000.0;7600000.0;79.5;97.9;106.9;14.1;17.2;27.6;793.3;191550000.0;10000.0;0.0;82340000.0;107310000.0;0.0;1890000.0;0.0;2.49
Perú;2018;95.2;189000000.0;5400000.0;0.0;162000000.0;0.0;10000000.0;12000000.0;81.4;105.5;111.0;14.8;17.8;27.9;829.2;75470000.0;0.0;0.0;0.0;53920000.0;0.0;50000.0;21490000.0;2.5
Perú;2019;95.6;192000000.0;6000000.0;0.0;164000000.0;0.0;10000000.0;11000000.0;83.3;108.1;108.8;15.3;17.9;27.1;855.5;1190000.0;0.0;0.0;1050000.0;60000.0;0.0;80000.0;0.0;2.54
Perú;2020;96.2;191000000.0;5900000.0;0.0;162000000.0;0.0;10000000.0;12000000.0;84.8;104.5;116.3;12.5;19.3;31.6;737.8;25800000.0;0.0;0.0;550000.0;25210000.0;0.0;50000.0;0.0;2.41
Perú;2021;95.6;191000000.0;5500000.0;0.0;163000000.0;0.0;9900000.0;12000000.0;86.4;109.9;118.5;14.2;19.1;30.6;794.0;106520000.0;0.0;0.0;520000.0;0.0;0.0;21000000.0;85000000.0;2.3
República Dominicana;2000;88.8;55000000.0;2300000.0;0.0;53000000.0;0.0;0.0;0.0;84.4;3.0;32.6;0.0;7.6;19.1;186.4;12350000.0;0.0;0.0;12350000.0;0.0;0.0;0.0;0.0;3.9
República Dominicana;2001;89.8;56000000.0;2300000.0;0.0;53000000.0;0.0;0.0;0.0;85.3;2.5;32.1;0.0;7.5;18.9;183.5;4630000.0;0.0;0.0;1250000.0;3380000.0;0.0;0.0;0.0;3.7
República Dominicana;2002;89.7;55000000.0;2200000.0;0.0;53000000.0;0.0;0.0;0.0;85.6;3.2;33.1;0.0;7.6;17.9;202.6;710000.0;0.0;0.0;590000.0;0.0;0.0;120000.0;0.0;3.87
República Dominicana;2003;89.2;54000000.0;2200000.0;0.0;52000000.0;0.0;0.0;0.0;86.1;4.4;32.2;0.0;8.4;18.9;193.4;0.0;0.0;0.0;0.0;0.0;0.0;0.0;0.0;3.53
República Dominicana;2004;90.3;53000000.0;2100000.0;0.0;51000000.0;0.0;0.0;0.0;86.3;5.0;33.2;0.0;9.8;20.7;185.0;530000.0;0.0;0.0;0.0;530000.0;0.0;0.0;0.0;3.34
República Dominicana;2005;90.1;53000000.0;2100000.0;0.0;51000000.0;0.0;0.0;0.0;86.55;5.9;32.3;0.0;9.0;19.4;196.9;7020000.0;0.0;0.0;0.0;60000.0;0.0;0.0;6960000.0;3.19
República Dominicana;2006;90.1;52000000.0;2100000.0;0.0;50000000.0;0.0;0.0;0.0;86.7;5.6;32.2;0.0;8.0;18.0;210.1;590000.0;0.0;0.0;0.0;550000.0;0.0;50000.0;0.0;3.03
República Dominicana;2007;96.9;52000000.0;2100000.0;0.0;50000000.0;0.0;0.0;0.0;87.0;5.3;32.8;0.0;7.9;17.9;212.7;400000.0;0.0;0.0;0.0;110000.0;0.0;290000.0;0.0;2.93
República Dominicana;2008;97.6;51000000.0;2100000.0;0.0;49000000.0;0.0;0.0;0.0;87.1;4.4;32.2;0.0;7.5;17.7;207.0;160000.0;0.0;0.0;0.0;160000.0;0.0;0.0;0.0;2.73
República Dominicana;2009;97.9;56000000.0;2000000.0;0.0;54000000.0;0.0;0.0;0.0;87.3;4.6;31.5;0.0;7.6;17.3;208.1;340000.0;0.0;0.0;0.0;0.0;0.0;0.0;340000.0;2.64
República Dominicana;2010;98.1;56000000.0;2000000.0;0.0;54000000.0;0.0;0.0;0.0;87.5;4.5;31.9;0.2;7.4;16.9;216.3;85770000.0;0.0;0.0;85680000.0;90000.0;0.0;0.0;0.0;2.57
República Dominicana;2011;97.9;58000000.0;2000000.0;0.0;53000000.0;0.0;0.0;3400000.0;87.6;4.8;31.1;0.2;7.3;16.7;216.0;260000.0;0.0;0.0;0.0;0.0;0.0;100000.0;150000.0;2.54
República Dominicana;2012;97.9;72000000.0;2000000.0;0.0;61000000.0;0.0;300000.0;8500000.0;87.9;5.9;32.0;0.1;7.8;16.5;230.3;1520000.0;0.0;0.0;0.0;1410000.0;0.0;0.0;110000.0;2.54
República Dominicana;2013;98.4;72000000.0;2000000.0;0.0;60000000.0;0.0;800000.0;8400000.0;88.3;6.7;31.3;0.1;7.8;16.5;229.8;20000.0;0.0;0.0;0.0;10000.0;0.0;0.0;0.0;2.36
República Dominicana;2014;98.5;72000000.0;2000000.0;0.0;60000000.0;0.0;1600000.0;8300000.000000001;88.6;4.8;32.2;0.1;7.7;17.3;214.6;470000.0;0.0;0.0;120000.0;0.0;0.0;360000.0;0.0;2.19
República Dominicana;2015;98.6;72000000.0;2100000.0;0.0;59000000.0;0.0;2600000.0;8199999.999999999;89.1;4.0;30.7;0.0;6.0;14.9;233.4;530000.0;0.0;0.0;0.0;530000.0;0.0;0.0;0.0;2.21
República Dominicana;2016;98.9;83000000.0;4900000.0;0.0;58000000.0;0.0;7200000.0;13000000.0;89.6;6.0;32.3;0.0;6.9;15.3;250.0;89680000.0;0.0;0.0;0.0;10000.0;0.0;89670000.0;0.0;2.21
República Dominicana;2017;100.0;85000000.0;4900000.0;0.0;58000000.0;0.0;10000000.0;13000000.0;90.2;8.6;33.6;0.0;8.4;16.9;250.7;90520000.0;0.0;0.0;0.0;120000.0;0.0;45970000.0;44430000.0;2.09
República Dominicana;2018;98.9;98000000.0;4800000.0;0.0;57000000.0;0.0;19000000.0;17000000.0;90.7;8.1;33.3;0.0;7.6;16.0;260.0;400000.0;0.0;0.0;0.0;320000.0;0.0;80000.0;0.0;2.06
República Dominicana;2019;99.0;126000000.0;4800000.0;0.0;57000000.0;0.0;30000000.0;34000000.0;91.3;7.3;32.9;0.0;6.6;14.4;279.4;46750000.0;0.0;0.0;150000.0;42700000.0;0.0;120000.0;3790000.0;2.16
República Dominicana;2020;100.0;132000000.0;4700000.0;0.0;57000000.0;0.0;37000000.0;34000000.0;91.9;9.9;32.7;0.0;7.6;16.0;266.7;1030000.0;720000.0;0.0;0.0;0.0;0.0;30000.0;290000.0;2.11
República Dominicana;2021;98.1;150000000.0;4700000.0;0.0;56000000.0;0.0;55000000.0;33000000.0;92.4;11.7;32.5;0.0;7.2;14.8;298.2;105740000.0;0.0;0.0;0.0;75070000.0;0.0;3000000.0;27670000.0;2.11
Uruguay;2000;97.6;472000000.0;4600000.0;0.0;467000000.0;0.0;0.0;0.0;100.0;21.6;18.2;0.0;26.4;38.7;102.7;0.0;0.0;0.0;0.0;0.0;0.0;0.0;0.0;2.67
Uruguay;2001;97.7;471000000.0;4600000.0;0.0;466000000.0;0.0;0.0;0.0;100.0;23.0;18.2;0.0;28.8;41.6;98.9;1430000.0;0.0;0.0;0.0;1430000.0;0.0;0.0;0.0;2.44
Uruguay;2002;97.8;469000000.0;4200000.0;0.0;465000000.0;0.0;0.0;0.0;100.0;22.1;18.1;0.0;29.6;43.3;93.1;0.0;0.0;0.0;0.0;0.0;0.0;0.0;0.0;2.46
Uruguay;2003;97.9;469000000.0;4099999.9999999995;0.0;465000000.0;0.0;0.0;0.0;100.0;21.5;18.8;0.0;30.0;43.8;91.8;25630000.0;0.0;0.0;0.0;25630000.0;0.0;0.0;0.0;2.45
Uruguay;2004;98.0;468000000.0;4099999.9999999995;0.0;464000000.0;0.0;0.0;0.0;100.0;18.4;19.2;0.0;26.1;39.3;95.6;0.0;0.0;0.0;0.0;0.0;0.0;0.0;0.0;2.67
Uruguay;2005;98.0;468000000.0;4400000.0;0.0;464000000.0;0.0;0.0;0.0;100.0;20.4;20.2;0.0;28.4;41.3;98.3;0.0;0.0;0.0;0.0;0.0;0.0;0.0;0.0;2.57
Uruguay;2006;98.5;467000000.0;4300000.0;0.0;463000000.0;0.0;0.0;0.0;100.0;16.8;22.4;0.0;25.7;37.6;104.3;0.0;0.0;0.0;0.0;0.0;0.0;0.0;0.0;2.67
Uruguay;2007;98.7;514000000.0;52000000.0;0.0;462000000.0;0.0;0.0;0.0;100.0;24.7;23.5;0.0;32.1;43.2;111.6;970000.0;0.0;0.0;0.0;970000.0;0.0;0.0;0.0;2.5
Uruguay;2008;98.8;517000000.0;52000000.0;0.0;461000000.0;0.0;0.0;4400000.0;100.0;18.5;39.1;0.0;35.0;44.1;130.6;0.0;0.0;0.0;0.0;0.0;0.0;0.0;0.0;3.02
Uruguay;2009;99.1;524000000.0;55000000.0;0.0;460000000.0;0.0;0.0;9200000.0;100.0;21.0;38.4;0.0;35.7;44.6;133.2;6770000.0;0.0;0.0;0.0;110000.0;0.0;6660000.0;0.0;2.86
Uruguay;2010;99.3;541000000.0;70000000.0;0.0;459000000.0;0.0;0.0;12000000.0;100.0;28.9;49.6;0.3;45.0;53.3;147.7;1220000.0;1070000.0;0.0;0.0;150000.0;0.0;0.0;0.0;2.6
Uruguay;2011;99.2;543000000.0;72000000.0;0.0;458000000.0;0.0;100000.0;13000000.0;100.0;25.0;49.8;0.8;41.6;49.7;152.3;8490000.0;6920000.0;0.0;0.0;1570000.0;0.0;0.0;0.0;2.68
Uruguay;2012;99.6;545000000.0;73000000.0;0.0;456000000.0;0.0;200000.0;16000000.0;100.0;22.3;50.4;1.1;39.9;47.8;154.1;317820000.0;0.0;206570000.0;0.0;111250000.0;0.0;0.0;0.0;2.76
Uruguay;2013;99.6;546000000.0;73000000.0;0.0;455000000.0;0.0;500000.0;18000000.0;100.0;29.8;52.2;1.6;44.3;51.9;161.2;227930000.0;0.0;0.0;0.0;90510000.0;0.0;0.0;137410000.0;2.59
Uruguay;2014;99.7;719000000.0;123000000.0;0.0;453000000.0;0.0;1100000.0;142000000.0;100.0;34.6;60.5;1.9;49.5;56.7;171.0;235560000.0;0.0;0.0;0.0;41740000.0;0.0;0.0;193820000.0;2.55
Uruguay;2015;99.7;848000000.0;125000000.0;0.0;452000000.0;0.0;19000000.0;252000000.0;100.0;35.3;70.6;2.9;52.7;59.4;183.1;226390000.0;0.0;0.0;0.0;0.0;0.0;63150000.0;163250000.0;2.72
Uruguay;2016;99.7;957000000.0;125000000.0;0.0;451000000.0;0.0;26000000.0;355000000.0;100.0;38.7;73.7;3.2;53.9;60.3;191.7;76490000.0;0.0;0.0;0.0;76490000.0;0.0;0.0;0.0;2.79
Uruguay;2017;99.8;1084000000.0;121000000.0;0.0;449000000.0;0.0;71000000.0;442000000.0;100.0;38.5;76.5;2.9;54.5;60.8;193.9;20010000.0;6590000.0;0.0;0.0;13420000.0;0.0;0.0;0.0;2.68
Uruguay;2018;99.8;1086000000.0;123000000.0;0.0;449000000.0;0.0;72000000.0;442000000.0;100.0;40.2;76.0;2.7;54.5;60.8;195.6;0.0;0.0;0.0;0.0;0.0;0.0;0.0;0.0;2.77
Uruguay;2019;99.9;1088000000.0;123000000.0;0.0;449000000.0;0.0;74000000.0;442000000.0;100.0;40.9;76.0;3.0;53.3;59.3;201.9;220000.0;0.0;0.0;0.0;220000.0;0.0;0.0;0.0;2.71
Uruguay;2020;100.0;1089000000.0;123000000.0;0.0;449000000.0;0.0;75000000.0;442000000.0;100.0;38.4;76.7;3.0;54.8;61.2;192.9;0.0;0.0;0.0;0.0;0.0;0.0;0.0;0.0;2.88
Uruguay;2021;100.0;1092000000.0;123000000.0;0.0;449000000.0;0.0;78000000.0;443000000.0;100.0;35.1;78.3;3.0;51.7;57.8;201.5;0.0;0.0;0.0;0.0;0.0;0.0;0.0;0.0;2.94
Venezuela;2000;98.9;541000000.0;0.0;0.0;541000000.0;0.0;0.0;0.0;97.2;160.6;28.3;0.7;14.4;15.3;1240.5;910000.0;0.0;0.0;910000.0;0.0;0.0;0.0;0.0;6.26
Venezuela;2001;99.9;531000000.0;0.0;0.0;531000000.0;0.0;0.0;0.0;97.2;153.3;29.1;0.6;13.2;14.0;1303.6;0.0;0.0;0.0;0.0;0.0;0.0;0.0;0.0;5.65
Venezuela;2002;99.8;493000000.0;0.0;0.0;493000000.0;0.0;0.0;0.0;97.0;151.3;28.0;0.6;12.0;12.8;1401.0;0.0;0.0;0.0;0.0;0.0;0.0;0.0;0.0;7.64
Venezuela;2003;95.7;485000000.0;0.0;0.0;485000000.0;0.0;0.0;0.0;96.9;152.1;27.2;0.5;12.5;13.4;1340.4;0.0;0.0;0.0;0.0;0.0;0.0;0.0;0.0;7.74
Venezuela;2004;99.1;529000000.0;0.0;0.0;529000000.0;0.0;0.0;0.0;96.9;177.3;29.8;0.6;13.8;14.6;1419.3;20000.0;0.0;0.0;0.0;0.0;0.0;20000.0;0.0;6.31
Venezuela;2005;98.8;541000000.0;0.0;0.0;541000000.0;0.0;0.0;0.0;96.9;187.2;31.5;0.7;13.4;14.2;1541.9;0.0;0.0;0.0;0.0;0.0;0.0;0.0;0.0;5.98
Venezuela;2006;99.3;539000000.0;0.0;0.0;539000000.0;0.0;0.0;0.0;96.8;200.0;33.4;0.7;14.8;15.6;1500.7;883850000.0;0.0;0.0;883750000.0;100000.0;0.0;0.0;0.0;5.54
Venezuela;2007;98.9;530000000.0;0.0;0.0;530000000.0;0.0;0.0;0.0;96.8;198.9;35.2;0.8;15.7;16.6;1411.3;0.0;0.0;0.0;0.0;0.0;0.0;0.0;0.0;5.21
Venezuela;2008;98.9;523000000.0;0.0;0.0;523000000.0;0.0;0.0;0.0;96.7;203.7;36.4;0.7;15.5;16.3;1473.1;0.0;0.0;0.0;0.0;0.0;0.0;0.0;0.0;4.93
Venezuela;2009;99.0;516000000.0;0.0;0.0;516000000.0;0.0;100000.0;0.0;96.8;208.5;35.0;0.8;15.4;16.2;1506.9;210000.0;0.0;0.0;0.0;210000.0;0.0;0.0;0.0;4.91
Venezuela;2010;99.1;509000000.0;0.0;0.0;509000000.0;0.0;100000.0;0.0;96.7;197.8;34.0;0.7;13.1;13.8;1685.9;1390760000.0;0.0;0.0;1390730000.0;40000.0;0.0;0.0;0.0;5.93
Venezuela;2011;98.8;503000000.0;0.0;0.0;503000000.0;0.0;100000.0;0.0;96.6;216.0;34.2;0.7;14.1;14.8;1700.1;383480000.0;10000.0;0.0;383230000.0;240000.0;0.0;0.0;0.0;5.08
Venezuela;2012;99.3;499000000.0;0.0;0.0;496000000.0;0.0;100000.0;2800000.0;96.8;212.6;34.7;0.7;13.3;13.9;1790.4;10000.0;0.0;0.0;0.0;10000.0;0.0;0.0;0.0;4.87
Venezuela;2013;99.4;503000000.0;0.0;0.0;499000000.0;0.0;100000.0;4600000.0;96.6;236.7;34.4;0.8;14.9;15.4;1762.3;10000.0;0.0;0.0;0.0;10000.0;0.0;0.0;0.0;5.33
Venezuela;2014;100.0;498000000.0;0.0;0.0;493000000.0;0.0;100000.0;4600000.0;96.6;162.7;32.9;0.0;11.5;12.1;1618.5;4760000.0;0.0;0.0;4750000.0;0.0;0.0;0.0;0.0;4.82
Venezuela;2015;100.0;501000000.0;0.0;0.0;496000000.0;0.0;200000.0;4500000.0;96.4;181.8;31.7;0.0;14.7;15.4;1388.1;390000.0;0.0;0.0;390000.0;0.0;0.0;0.0;0.0;4.99
Venezuela;2016;99.4;552000000.0;0.0;0.0;547000000.0;0.0;200000.0;4500000.0;96.2;151.8;27.2;0.0;13.8;14.6;1229.8;0.0;0.0;0.0;0.0;0.0;0.0;0.0;0.0;5.51
Venezuela;2017;99.2;555000000.0;0.0;0.0;551000000.0;0.0;200000.0;4500000.0;96.1;145.2;24.2;0.0;13.6;14.3;1181.9;0.0;0.0;0.0;0.0;0.0;0.0;0.0;0.0;6.14
Venezuela;2018;99.9;569000000.0;0.0;0.0;564000000.0;0.0;100000.0;4600000.0;95.9;138.0;21.1;0.0;13.9;14.6;1087.2;430000.0;0.0;0.0;430000.0;0.0;0.0;0.0;0.0;6.08
Venezuela;2019;99.8;585000000.0;0.0;0.0;581000000.0;0.0;200000.0;4000000.0;95.8;119.2;14.8;0.0;15.1;15.8;850.4;0.0;0.0;0.0;0.0;0.0;0.0;0.0;0.0;7.48
Venezuela;2020;99.9;596000000.0;0.0;0.0;591000000.0;0.0;200000.0;4800000.0;95.5;150.1;10.8;0.0;30.3;31.2;516.2;0.0;0.0;0.0;0.0;0.0;0.0;0.0;0.0;8.48
Venezuela;2021;100.0;602000000.0;0.0;0.0;597000000.0;0.0;200000.0;4900000.0;95.1;155.7;12.1;0.0;32.5;33.7;498.2;40000.0;0.0;0.0;40000.0;0.0;0.0;0.0;0.0;8.32
