pais;anio;capacidad_eolica;capacidad_geotermia;capacidad_hidro;capacidad_nuclear;capacidad_otros;capacidad_solar;capacidad_termica no renovable;capacidad_termica renovable;consumo_agro, pesca y mineria;consumo_comercial, servicios, publico;consumo_construccion y otros;consumo_industrial;consumo_residencial;consumo_transporte;generacion_eolica;generacion_geotermia;generacion_hidro;generacion_nuclear;generacion_otros;generacion_solar;generacion_termica no renovable;generacion_termica renovable
Argentina;2000;0.441504;0.0;302.813402;32.103648;0.0;0.0;378.177478;0.0;0.0;0.0;0.002091;0.118525;0.0;1.090128;0.125129;0.0;103.542563;22.237589;0.0;0.00013;165.90469;0.0
Argentina;2001;0.7884;0.0;303.786603;32.103648;0.0;0.0;406.296984;0.0;0.0;0.163029;0.0;0.063679;1.128371;0.223199;0.1777;0.0;133.01694;25.411097;0.0;0.000155;140.145898;0.0
Argentina;2002;0.0;0.0;302.304096;31.69368;0.0;0.0;411.70248;0.0;1.203868;0.103624;0.169386;0.008799;0.227854;0.0;0.264258;0.0;128.868527;20.954923;0.0;0.000169;125.803595;0.0
Argentina;2003;0.0;0.0;303.628608;31.69368;0.0;0.0;417.126672;0.0;0.227854;0.009934;0.103352;0.0;0.001135;0.0;0.280634;0.0;121.454104;27.23864;0.0;0.000234;152.300848;0.0
Argentina;2004;0.0;0.0;305.867664;31.69368;0.0;0.0;416.59056;0.0;0.002091;0.0;0.018676;0.0;0.0;0.114211;0.260802;0.0;109.602418;28.326971;0.0;0.000252;190.775225;0.0
Argentina;2005;0.0;0.0;313.436304;31.69368;0.0;0.0;414.38304;0.0;0.0;0.0;0.0;1.093063;0.139074;0.054892;0.271372;0.0;123.092273;24.743884;0.0;0.000292;199.83546;0.0
Argentina;2006;0.0;0.0;315.643824;31.69368;0.0;0.0;412.932384;0.0;0.169273;1.161748;0.0;0.227854;0.104419;0.007947;0.2507;0.0;137.002918;27.687272;0.0;0.000324;208.794388;0.0
Argentina;2007;0.0;0.0;322.487136;31.69368;0.0;0.0;420.091056;0.0;0.102001;0.227854;1.268807;0.0;0.009934;0.0;0.221734;0.0;113.616865;25.982021;0.0;0.000392;232.607763;0.0
Argentina;2008;0.0;0.0;322.707888;31.69368;0.0;0.0;477.833472;0.0;0.009934;0.002091;0.225924;0.0;0.0;0.0;0.151024;0.0;113.242832;26.389397;0.0;0.000517;249.957822;0.0
Argentina;2009;0.0;0.0;334.407744;31.69368;0.0;0.0;492.781536;0.0;0.0;0.0;0.002091;0.125564;0.0;1.093632;0.132595;0.0;126.866736;29.382008;0.0;0.000274;247.815425;0.0
Argentina;2010;0.0;0.0;334.407744;31.69368;0.0;0.0;530.372448;0.0;0.0;0.163369;0.0;0.050382;1.136318;0.223199;0.091267;0.0;121.240786;25.815186;0.0;0.00031;235.378469;0.0
Argentina;2011;0.220752;0.0;351.15336;31.69368;0.0;0.031536;561.151584;0.0;1.264152;0.109772;0.179944;0.008799;0.227854;0.0;0.094432;0.0;114.635718;22.935254;0.0;0.00581;275.31994;0.0
Argentina;2012;3.437424;0.0;352.4148;31.69368;0.0;0.189216;599.9724;0.0;0.227854;0.009934;0.106179;0.0;0.002091;0.0;1.329264;0.0;106.768292;23.02258;0.0;0.029412;304.355059;0.0
Argentina;2013;5.108832;0.0;352.446336;31.85136;0.0;0.252288;602.053776;0.0;0.002091;0.0;0.01754;0.0;0.0;0.126926;1.660572;0.0;120.127475;22.344836;0.0;0.054331;309.953464;0.0
Argentina;2014;5.897232;0.0;352.509408;31.85136;0.0;0.252288;602.085312;0.0;0.0;0.0;0.0;1.101124;0.149178;0.055221;2.228738;0.0;119.154507;16.236389;0.0;0.057363;304.455569;0.7848
Argentina;2015;5.897232;0.0;352.509408;55.34568;0.0;0.252288;620.880768;0.0;0.170635;1.203868;0.0;0.227854;0.104128;0.007947;2.13138;0.0;149.248044;23.466672;0.0;0.052812;340.951;1.08432
Argentina;2016;5.90827;0.0;354.462748;55.34568;0.0;0.258595;654.790798;0.523498;0.103352;0.227854;1.269034;0.002271;0.009934;0.0;1.968372;0.0;137.008908;27.638244;0.0;0.051347;377.453628;1.0134
Argentina;2017;7.147634;0.0;354.553572;55.34568;0.0;0.258595;722.04053;0.678655;0.009934;0.002091;0.225924;0.0;0.0;0.0;2.216952;0.0;148.773096;20.578428;0.0;0.059076;371.743668;1.243829
Argentina;2018;23.659884;0.0;355.98846;55.34568;0.0;6.011708;773.602331;0.71634;0.0;0.0;0.002091;0.124428;0.0;1.088295;5.0868;0.0;148.9824;23.2308;0.0;0.3888;315.8172;1.4292
Argentina;2019;50.741424;0.0;356.67216;55.34568;0.0;13.844304;774.05112;0.063072;0.0;0.169159;0.0;0.073323;1.160954;0.227854;17.982;0.0;127.332;28.5372;0.0;2.88;288.4932;1.9944
Argentina;2020;82.718928;0.0;357.744384;55.34568;0.0;23.935824;799.816032;3.437424;1.268693;0.102001;0.180171;0.008799;0.227854;0.0;33.8796;0.0;85.5216;36.0396;0.0;4.8384;296.4096;2.61
Argentina;2021;103.784976;0.0;357.77592;55.34568;0.0;33.42816;800.951328;4.383504;0.227854;0.009934;0.106746;0.0;0.002091;0.0;46.5768;0.0;71.1432;36.612;0.0;7.9056;324.2664;4.0608
Bolivia;2000;0.0;0.0;11.247072;0.0;0.0;0.0;28.084859;0.0;0.0;0.061987;0.0;0.066053;0.368452;1.361439;0.0;0.0;6.915055;0.0;0.0;0.0;6.285646;0.0
Bolivia;2001;0.0;0.0;11.740326;0.0;0.0;0.0;27.758966;0.0;0.336102;0.08633;0.058922;0.0;1.491779;0.0;0.0;0.0;7.66441;0.0;0.0;0.0;5.878149;0.0
Bolivia;2002;0.0;0.0;14.401309;0.0;0.0;0.0;27.249169;0.0;1.909341;0.0;0.113135;0.0;0.0;0.0;0.0;0.0;7.929571;0.0;0.0;0.0;6.323411;0.00432
Bolivia;2003;0.0;0.0;13.866143;0.0;0.0;0.0;26.624837;0.0;0.0;0.0;0.0;0.0;0.0;0.096489;0.0;0.0;7.153444;0.0;0.0;0.0;7.548209;0.00323
Bolivia;2004;0.0;0.0;14.303689;0.0;0.0;0.0;28.186916;0.0;0.0;0.0;0.016643;0.332034;0.076871;0.059135;0.0;0.0;7.735247;0.0;0.0;0.0;7.650533;0.00548
Bolivia;2005;0.0;0.0;14.537844;0.0;0.0;0.0;28.187042;0.0;0.062214;0.359256;0.0;1.501656;0.081324;0.0;0.0;0.0;7.071956;0.0;0.0;0.0;9.40415;0.0
Bolivia;2006;0.0;0.0;15.240694;0.0;0.0;0.0;29.209988;0.0;0.09837;1.7202;0.403425;0.0;0.0;0.0;0.0;0.0;7.771932;0.0;0.0;0.0;10.159706;0.0
Bolivia;2007;0.0;0.0;15.307677;0.0;0.0;0.0;31.147726;0.7884;0.0;0.0;2.167394;0.0;0.0;0.0;0.0;0.0;8.349451;0.0;0.0;0.0;11.09444;0.051124
Bolivia;2008;0.0;0.0;15.161823;0.0;0.0;0.0;31.33129;0.7884;0.007152;0.0;0.0;0.075191;0.0;0.288012;0.0;0.0;8.31464;0.0;0.0;0.0;12.821889;0.141545
Bolivia;2009;0.0;0.0;15.393959;0.0;0.0;0.0;31.927671;0.7884;0.0;0.061987;0.0;0.071514;0.35845;1.462669;0.0;0.0;8.264336;0.0;0.0;0.0;13.886199;0.214814
Bolivia;2010;0.0;0.0;15.396167;0.0;0.0;0.0;35.371588;0.7884;0.335762;0.086394;0.053314;0.0;1.486557;0.0;0.0;0.0;7.825323;0.0;0.0;0.0;15.900842;0.209361
Bolivia;2011;0.0;0.0;15.572507;0.0;0.0;0.0;37.235217;0.7884;2.020146;0.0;0.113188;0.0;0.0;0.0;0.0;0.0;8.447368;0.0;0.0;0.0;17.071543;0.470645
Bolivia;2012;0.0;0.0;15.571531;0.0;0.0;0.0;43.085682;0.7884;0.0;0.0;0.0;0.0;0.0;0.102676;0.0;0.0;8.468684;0.0;0.0;0.0;18.585969;0.52298
Bolivia;2013;0.0;0.0;15.553871;0.0;0.0;0.0;44.669924;1.5768;0.0;0.0;0.016643;0.380203;0.050521;0.059135;0.0;0.0;9.126137;0.0;0.0;0.0;19.412141;0.488331
Bolivia;2014;0.094608;0.0;15.571215;0.0;0.0;0.165879;53.435229;1.89216;0.061647;0.331064;0.0;1.499726;0.083379;0.0;0.029368;0.0;8.104986;0.0;0.0;0.001611;22.228708;0.452929
Bolivia;2015;0.094608;0.0;15.606063;0.0;0.0;0.165879;56.899528;3.106296;0.103125;1.774014;0.428992;0.0;0.0;0.0;0.04122;0.0;8.867013;0.0;0.0;0.01726;23.294587;0.613696
Bolivia;2016;0.851472;0.0;15.594867;0.0;0.0;0.165879;56.6315;3.106296;0.0;0.0;2.167507;0.0;0.0;0.0;0.125681;0.0;6.191414;0.0;0.0;0.020399;26.985287;0.529246
Bolivia;2017;0.851472;0.0;19.534187;0.0;0.0;0.343742;58.090245;2.712096;0.007152;0.0;0.0;0.052201;0.0;0.328708;0.21738;0.0;8.040732;0.0;0.0;0.024805;26.157918;0.468466
Bolivia;2018;0.851472;0.0;21.766936;0.0;0.0;2.239056;58.519857;4.02084;0.0;0.061987;0.0;0.079245;0.359256;1.482129;0.211823;0.0;9.404515;0.0;0.0;0.458734;25.277016;0.465
Bolivia;2019;0.851472;0.0;23.94292;0.0;0.0;3.815856;84.189158;4.02084;0.340797;0.087183;0.056647;0.0;1.512328;0.0;0.25279;0.0;11.701707;0.0;0.0;0.680507;23.42712;0.781248
Bolivia;2020;0.851472;0.0;23.94292;0.0;0.0;3.839101;84.425931;4.02084;2.159901;0.0;0.114249;0.0;0.0;0.0;0.231153;0.0;10.591904;0.0;0.0;0.899961;23.47455;0.936581
Bolivia;2021;4.074451;0.0;23.941343;0.0;0.0;5.414955;92.202809;4.80924;0.0;0.00453;0.0;0.0;0.0;0.064928;0.430643;0.0;11.652602;0.0;0.0;1.261897;24.183574;1.637276
Brasil;2000;0.599972;0.0;1925.682768;61.999776;0.0;0.0;276.830843;58.176085;0.0;0.616398;0.0;0.111914;0.174609;0.115573;0.0036;0.0;1095.851794;21.7656;0.0;0.0;110.215799;28.279307
Brasil;2001;0.662256;0.0;1968.130224;61.999776;0.0;0.0;268.065998;62.462818;0.174609;0.135357;0.647017;0.0;0.114097;0.00216;0.126;0.0;964.3536;51.4044;0.0;0.0;134.420611;32.480665
Brasil;2002;0.693792;0.0;2033.236296;63.292752;0.0;0.0;360.140013;75.454141;0.114097;0.0;0.145949;0.0;0.003292;0.0;0.2196;0.0;1029.93192;49.8096;0.0;0.0;127.6678;36.972529
Brasil;2003;0.693792;0.0;2134.924128;63.292752;0.0;0.0;417.224474;91.451206;0.105229;0.0;0.0;0.0;0.0;0.486645;0.2196;0.0;1100.2176;48.0888;0.0;0.0;120.27663;42.982067
Brasil;2004;0.914544;0.0;2178.7434;63.292752;0.0;0.0;515.074622;101.630779;0.0;0.0;0.0;0.174609;0.48535;0.111914;0.2196;0.0;1154.868865;41.7996;0.0;0.0;153.030431;45.054201
Brasil;2005;0.914544;0.0;2240.919778;63.292752;0.0;0.0;518.187445;105.279275;0.664443;0.174609;0.0;0.114097;0.13357;0.0;0.33444;0.0;1214.844383;35.478;0.0;0.0;151.326118;49.115078
Brasil;2006;7.474032;0.0;2323.509408;63.292752;0.0;0.0;525.693918;116.757474;0.145949;0.114097;0.174609;0.002498;0.0;0.0;0.8532;0.0;1255.699656;49.51476;0.0;0.0;150.504942;53.444372
Brasil;2007;7.789392;0.0;2424.140784;63.292752;0.0;0.0;540.079327;129.398168;0.0;0.045185;0.114665;0.0;0.0;0.0;2.386015;0.0;1346.454438;44.459136;0.0;0.0;144.208145;65.028399
Brasil;2008;12.551328;0.0;2445.45912;63.292752;0.0;0.0;565.908941;159.387523;0.0;0.0;0.249992;0.450145;0.0;0.174609;4.2588;0.0;1330.40304;50.286888;0.0;0.0;211.238424;71.230526
Brasil;2009;18.984672;0.0;2479.04496;63.292752;0.0;0.0;556.06557;180.30003;0.0;0.612651;0.0;0.131867;0.174609;0.115573;4.4568;0.0;1407.557034;46.6452;0.0;0.0;137.157069;82.35314
Brasil;2010;29.230283;0.0;2545.053518;63.292752;0.0;0.031536;686.278656;249.991738;0.174609;0.145949;0.672833;0.0;0.114097;0.002384;7.8372;0.0;1451.843328;52.283361;0.0;0.0;229.918835;114.992552
Brasil;2011;44.957722;0.0;2600.427024;63.292752;0.0;0.031536;700.563853;284.699627;0.114097;0.0;0.150814;0.0;0.026907;0.0;9.7362;0.0;1541.998512;56.373754;0.0;0.0;188.75661;117.464547
Brasil;2012;59.729184;0.0;2658.295584;63.292752;0.0;0.063072;720.756533;312.930475;0.161848;0.0;0.0;0.0;0.0;0.500768;18.180167;0.0;1495.231832;57.73824;0.0;0.005814;289.081578;128.756415
Brasil;2013;69.442272;0.0;2712.663648;62.75664;0.0;0.15768;786.089279;365.857729;0.0;0.0;0.000157;0.174609;0.587629;0.111914;23.682275;0.0;1407.57125;55.618884;0.0;0.017257;420.61644;147.498646
Brasil;2014;154.147968;0.0;2812.785339;62.75664;0.0;0.47304;803.717275;389.194997;0.671403;0.174609;0.0;0.114097;0.13357;0.0;43.956906;0.0;1344.380618;55.362465;0.0;0.057894;512.708683;169.485058
Brasil;2015;240.705836;0.0;2890.265562;62.75664;0.0;0.988556;829.623584;418.060915;0.145949;0.114097;0.174609;0.003292;0.0;0.0;77.852528;0.0;1295.074109;53.04295;0.0;0.212103;486.669794;179.569155
Brasil;2016;319.426322;0.0;3056.626747;62.75664;0.0;2.673036;856.090284;446.136876;0.0;0.068345;0.114665;0.0;0.0;0.0;120.559939;0.0;1371.279393;57.111637;0.0;0.306938;349.971086;184.804918
Brasil;2017;387.679707;0.0;3163.659984;62.75664;0.0;34.573694;856.68161;464.091361;0.0;0.0;0.554933;0.427269;0.0;0.174609;152.54373;0.0;1335.263243;56.661107;0.0;2.994528;383.632191;190.483579
Brasil;2018;454.128315;0.0;3285.997378;62.75664;0.0;74.434895;811.636157;467.491717;0.0;0.630089;0.0;0.132434;0.174609;0.114097;174.510508;0.0;1400.295873;56.425993;0.0;12.461165;325.557772;195.776044
Brasil;2019;485.282708;0.0;3442.307589;62.75664;0.0;140.823474;827.696247;474.159806;0.174609;0.145949;0.702907;0.0;0.114097;0.002498;201.548238;0.0;1432.357404;58.063767;0.0;23.956485;341.141143;197.715156
Brasil;2020;540.720299;0.0;3446.697194;62.75664;0.0;249.83511;875.336162;485.517004;0.114097;0.0;0.149202;0.0;0.028042;0.0;205.382543;0.0;1426.972303;50.589353;0.0;38.694029;330.440495;211.470656
Brasil;2021;655.51098;0.0;3450.454969;62.75664;0.0;422.694849;913.809947;504.729884;0.215025;0.0;0.0;0.0;0.0;0.449532;260.22951;0.0;1306.146424;52.936515;0.0;60.308211;481.765042;200.60723
Chile;2000;0.0;0.0;127.503265;0.0;0.0;0.0;177.642288;0.542419;0.921418;0.23354;0.006505;0.0;0.056582;0.0;0.0;0.0;66.531643;0.0;0.0;0.0;69.657981;3.864696
Chile;2001;0.0;0.0;127.500048;0.0;0.0;0.0;187.941946;0.542419;0.099713;0.0;0.257018;0.0;0.0;0.0;0.0;0.0;75.701192;0.0;0.0;0.0;67.41943;3.098734
Chile;2002;0.0;0.0;128.291665;0.0;0.0;0.0;198.200606;0.542419;0.0;0.0;0.0;0.0;0.0;0.001476;0.0;0.0;80.991564;0.0;0.0;0.0;68.59786;2.945806
Chile;2003;0.0;0.0;128.291665;0.0;0.0;0.0;206.336894;0.826243;0.000114;0.0;0.01158;0.841947;0.002214;0.19466;0.0;0.0;78.613624;0.0;0.0;0.0;80.948029;2.914361
Chile;2004;0.0;0.0;148.474705;0.0;0.0;0.0;212.489253;0.548726;0.006051;0.921418;0.0;0.058882;0.200214;0.0;0.0;0.0;75.149249;0.0;0.0;0.0;96.935369;3.141507
Chile;2005;0.0;0.0;148.458937;0.0;0.0;0.0;224.86975;0.548726;0.254581;0.078945;0.995212;0.0;0.0;0.0;0.0;0.0;91.509814;0.0;0.0;0.0;88.658646;2.070613
Chile;2006;0.0;0.0;148.578773;0.0;0.0;0.0;225.18511;0.548726;0.0;0.0;0.122124;0.0;0.0;0.0;0.0;0.0;100.923505;0.0;0.0;0.0;88.063806;3.885534
Chile;2007;0.573955;0.0;164.727854;0.0;0.0;0.0;245.761089;0.548726;0.0;0.0;0.0;0.0021;0.0;0.841947;0.010095;0.0;80.245967;0.0;0.0;0.0;116.988214;4.303814
Chile;2008;0.573955;0.0;167.425759;0.0;0.0;0.0;256.836532;1.021766;0.0;0.002657;0.000568;0.198215;0.841947;0.062764;0.111031;0.0;85.507403;0.0;0.0;0.0;113.903478;3.414631
Chile;2009;2.579645;0.0;168.266698;0.0;0.0;0.0;302.586375;2.847701;0.921418;0.233455;0.006959;0.0;0.0564;0.0;0.238959;0.0;88.213911;0.0;0.0;0.0;111.828312;3.827806
Chile;2010;5.228669;0.0;169.373675;0.0;0.0;0.0;321.802206;3.383813;0.099418;0.0;0.257018;0.0;0.0;0.0;1.146421;0.0;76.431059;0.0;0.0;0.0;130.150959;2.001919
Chile;2011;6.174749;0.0;184.648137;0.0;0.0;0.0;350.735003;4.022417;0.0;0.0;0.0;0.0;0.0;0.001476;1.134775;0.0;74.599455;0.0;0.0;0.0;144.510783;3.067221
Chile;2012;6.174749;0.0;187.140111;0.0;0.0;0.042574;372.248831;8.003206;0.000114;0.0;0.01158;0.841947;0.002657;0.197294;1.402902;0.0;72.728431;0.0;0.0;0.002104;154.652802;7.926496
Chile;2013;9.240048;0.0;188.806032;0.0;0.0;0.26711;384.020621;9.104443;0.006221;0.921418;0.0;0.058759;0.204436;0.0;1.973422;0.0;70.590042;0.0;0.0;0.028146;163.645788;9.19342
Chile;2014;23.189682;0.0;201.31321;0.0;0.0;7.005533;361.253206;14.626397;0.253672;0.09088;0.996188;0.0;0.0;0.0;5.133436;0.0;84.781215;0.0;0.0;1.659021;148.678398;11.5346
Chile;2015;28.693345;0.0;204.5898;0.0;0.0;17.282453;369.1642;13.983062;0.0;0.0;0.144739;0.0;0.0;0.0;7.574882;0.0;86.063408;0.0;0.0;4.944525;148.857437;10.883388
Chile;2016;36.022311;0.0;209.222438;0.0;0.0;40.613259;400.217069;15.761693;0.01158;0.0;0.0;0.002441;0.0;0.841947;8.106824;0.0;70.066309;0.0;0.0;9.228622;164.935149;11.804424
Chile;2017;44.770398;1.73448;212.449202;0.0;0.0;71.453291;396.41717;21.481692;0.0;0.003792;0.001703;0.198204;0.841947;0.059076;12.78598;0.229794;78.509679;0.0;0.0;14.048258;153.223782;8.402461
Chile;2018;54.910799;1.416282;213.007389;0.0;0.0;76.711635;413.633713;16.455485;0.921418;0.233786;0.008208;0.0;0.07914;0.0;14.474393;0.769621;83.550453;0.0;0.0;19.627726;148.71096;9.129164
Chile;2019;68.175786;1.416282;215.292992;0.0;0.0;88.259614;406.989661;14.95311;0.099418;0.0;0.255225;0.0;0.0;0.0;17.345167;0.725914;74.987548;0.0;0.0;22.970913;154.921985;7.6737
Chile;2020;79.685228;1.416282;214.899423;0.0;0.0;112.737447;406.033931;14.95311;0.0;0.0;0.0;0.0;0.0;0.001476;19.939744;0.888752;74.265147;0.0;0.0;27.495348;149.254366;8.042762
Chile;2021;111.523973;2.45697;224.312919;0.0;0.0;195.457416;422.617988;16.895727;0.000227;0.0;0.017256;0.841947;0.002657;0.198201;25.955687;1.172096;59.31795;0.0;0.0;38.832134;158.43947;9.653747
Colombia;2000;0.0;0.0;260.949993;0.0;0.0;0.0;140.303664;0.409968;0.372089;0.266238;1.636431;0.002725;0.0;0.001589;0.0;0.0;111.867423;0.0;0.0;0.0;36.356484;0.377239
Colombia;2001;0.0;0.0;273.802805;0.0;0.0;0.0;140.80824;0.409968;0.0;0.005586;0.350436;0.0;0.0;0.0;0.0;0.0;116.780132;0.0;0.0;0.0;37.834978;0.356693
Colombia;2002;0.0;0.0;285.148827;0.0;0.0;0.0;137.81232;0.409968;0.0;0.0;0.005586;0.004632;0.0;1.445989;0.0;0.0;124.812875;0.0;0.0;0.0;35.863277;0.370307
Colombia;2003;0.0;0.0;279.459102;0.0;0.0;0.0;137.14691;0.583416;0.0;0.013828;0.000178;0.340188;1.516215;0.189193;0.0;0.0;133.907932;0.0;0.0;0.0;33.956201;0.378973
Colombia;2004;0.63072;0.0;281.483713;0.0;0.0;0.0;140.644253;0.678024;1.617468;0.367109;0.01519;0.0;0.215484;0.002725;0.182569;0.0;143.455213;0.0;0.0;0.0;30.768363;0.416436
Colombia;2005;0.31536;0.0;282.186966;0.0;0.0;0.0;138.05357;0.614952;0.316923;0.0;0.395534;0.0;0.002725;0.0;0.178382;0.0;147.524235;0.0;0.0;0.0;33.451549;0.392967
Colombia;2006;0.580893;0.0;282.164891;0.0;0.0;0.0;135.32886;0.737942;0.005586;0.0;0.0;0.0;0.0;0.003156;0.226733;0.0;153.20841;0.0;0.0;0.0;34.673084;0.315946
Colombia;2007;0.580893;0.0;283.544276;0.0;0.0;0.0;138.163946;0.737942;0.0;0.0;0.018392;1.501882;0.013828;0.324334;0.179608;0.0;159.271134;0.0;0.0;0.0;33.353266;0.249618
Colombia;2008;0.580893;0.0;283.715516;0.0;0.0;0.0;140.02457;0.737942;0.013828;1.530212;0.0;0.201305;0.364096;0.0;0.194105;0.0;166.179178;0.0;0.0;0.0;29.274631;0.174078
Colombia;2009;0.580893;0.0;283.732861;0.0;0.0;0.0;140.648983;1.053302;0.39027;0.270002;1.652826;0.002725;0.0;0.002838;0.207748;0.0;147.014518;0.0;0.0;0.0;53.66205;0.374377
Colombia;2010;0.580893;0.0;291.942312;0.0;0.0;0.0;155.092471;1.680869;0.0;0.005586;0.352877;0.0;0.0;0.0;0.138852;0.0;146.006865;0.0;0.0;0.0;57.551807;0.73795
Colombia;2011;0.580893;0.0;306.476624;0.0;0.0;0.0;146.199319;1.728173;0.000795;0.0;0.005586;0.007413;0.0;1.494076;0.148579;0.0;174.338921;0.0;0.0;0.0;35.066237;1.120889
Colombia;2012;0.580893;0.0;308.361152;0.0;0.0;0.0;143.815198;1.807013;0.0;0.013828;0.000549;0.344257;1.507725;0.171006;0.197477;0.0;171.294155;0.0;0.0;0.0;42.874733;1.237886
Colombia;2013;0.580893;0.0;311.433074;0.0;0.0;0.0;145.171246;1.933157;1.637946;0.368066;0.01519;0.0;0.24925;0.002725;0.207449;0.0;159.706044;0.0;0.0;0.0;62.737864;1.256357
Colombia;2014;0.580893;0.0;344.366119;0.0;0.0;0.0;147.03187;2.280053;0.322774;0.0;0.403732;0.0;0.002725;0.0;0.252829;0.0;161.071068;0.0;0.0;0.0;68.666236;1.590144
Colombia;2015;0.580893;0.0;362.681282;0.0;0.0;0.0;153.638662;2.939155;0.005586;0.0;0.0;0.0;0.0;0.003156;0.246159;0.0;160.854849;0.0;0.0;0.0;76.623629;1.849869
Colombia;2016;0.580893;0.0;366.019367;0.0;0.0;0.0;153.783727;3.019572;0.000163;0.0;0.02123;1.524372;0.013828;0.336766;0.183194;0.0;168.436535;0.0;0.0;0.0;66.474631;2.152131
Colombia;2017;0.580893;0.0;369.779405;0.0;0.0;0.309053;156.070087;4.246322;0.013828;1.533658;0.0;0.201433;0.365111;0.0;0.011057;0.0;206.430812;0.0;0.0;0.019395;31.16273;2.27681
Colombia;2018;0.580893;0.0;373.278008;0.0;0.0;0.309053;167.695518;4.57745;0.391785;0.288899;1.779332;0.002725;0.0;0.0;0.156374;0.0;203.929251;0.0;0.0;0.043199;38.794228;2.628284
Colombia;2019;0.580893;0.0;375.80215;0.0;0.0;0.566885;169.165096;4.57745;0.0;0.005586;0.373691;0.0;0.0;0.0;0.226537;0.0;194.920399;0.0;0.0;0.472414;52.800559;2.50608
Colombia;2020;0.580893;0.0;376.690961;0.0;0.0;1.916736;176.263849;4.750898;0.012375;0.0;0.005586;0.013828;0.0;1.524136;0.03642;0.0;179.414471;0.0;0.0;0.686866;66.814209;2.612837
Colombia;2021;0.580893;0.0;376.690961;0.0;0.0;4.288581;172.088483;6.507454;0.0;0.013828;0.0;0.346931;1.522897;0.203761;0.217663;0.0;217.785542;0.0;0.0;1.162861;44.124987;2.869723
Costa Rica;2000;0.0;4.571616;39.985062;0.0;0.0;0.0;8.646887;0.378432;0.531924;0.0;0.193038;0.0;0.0;0.0;0.0;3.515383;21.170385;0.0;0.0;0.0;0.231939;0.042217
Costa Rica;2001;0.624413;4.563575;39.985062;0.0;0.0;0.0;8.646887;0.378432;0.0;0.0;0.0;0.0;0.0;0.209434;0.001495;3.550613;21.035717;0.0;0.0;0.0;0.359845;0.036512
Costa Rica;2002;0.624413;4.563575;41.420455;0.0;0.0;0.0;9.636424;0.378432;0.0;0.0;0.0;0.075871;0.379005;0.143946;0.212858;4.035462;22.212397;0.0;0.0;0.0;0.440465;0.042977
Costa Rica;2003;2.161793;5.131223;40.859114;0.0;0.0;0.0;12.474664;0.520344;0.89997;0.094425;0.0;0.33098;0.148001;0.0;0.828093;4.047;22.038436;0.0;0.0;0.0;0.565584;0.003358
Costa Rica;2004;2.161793;5.225831;41.111402;0.0;0.0;0.0;12.474664;0.873547;0.176475;0.428031;0.146091;0.0;0.0;0.0;0.927136;4.340195;23.452269;0.0;0.0;0.0;0.239328;0.06376
Costa Rica;2005;2.161793;5.225831;41.111402;0.0;0.0;0.0;12.474664;0.873547;0.0;0.0;0.680403;0.0;0.0;0.0;0.732859;4.131764;23.635426;0.0;0.0;0.0;0.975106;0.088591
Costa Rica;2006;2.161793;5.225831;44.512591;0.0;0.0;0.0;13.348211;0.873547;0.0;0.0;0.0;0.329224;0.0;0.073781;0.959388;4.394478;23.763223;0.0;0.0;0.0;1.919333;0.068419
Costa Rica;2007;2.204997;5.225831;47.316488;0.0;0.0;0.0;13.316675;0.747403;0.0;0.573795;0.000908;0.147093;0.087473;0.364278;0.867809;4.458702;24.366996;0.0;0.0;0.0;2.60008;0.061458
Costa Rica;2008;2.204997;5.225831;47.868368;0.0;0.0;0.0;18.963133;0.747403;0.121771;0.172326;1.317088;0.0;0.337156;0.0;0.713392;4.071109;26.589974;0.0;0.0;0.0;2.43706;0.084783
Costa Rica;2009;2.999704;5.225831;48.336394;0.0;0.0;0.0;18.872309;0.747403;0.58482;0.0;0.196288;0.0;0.0;0.0;1.174257;4.269024;26.008056;0.0;0.0;0.0;1.624352;0.173584
Costa Rica;2010;3.772336;5.225831;49.020725;0.0;0.0;0.0;27.190623;1.378123;0.0;0.0;0.0;0.0;0.0;0.224866;1.291231;4.233893;26.144257;0.0;0.0;0.0;2.308228;0.235428
Costa Rica;2011;4.17442;6.644951;53.057333;0.0;0.0;0.0;27.190623;1.378123;0.000114;0.0;0.0;0.078518;0.420327;0.143946;1.186237;4.632059;24.416453;0.0;0.0;0.0;3.108029;1.835641
Costa Rica;2012;4.669851;6.857819;53.621607;0.0;0.0;0.031851;19.318985;1.378123;1.024919;0.10115;0.0;0.330832;0.160245;0.0;1.902181;5.049185;26.039531;0.0;0.0;0.001062;2.989021;0.293856
Costa Rica;2013;4.669851;6.85785;54.524356;0.0;0.0;0.031851;19.318954;1.378123;0.191006;0.441881;0.146615;0.0;0.0;0.0;1.744448;5.460247;24.663759;0.0;0.0;0.00519;4.305587;0.310762
Costa Rica;2014;6.195563;6.85785;56.66029;0.0;0.0;0.031536;18.78568;1.26144;0.0;0.0;0.825654;0.0;0.0;0.0;2.645112;5.537288;24.181749;0.0;0.0;0.005269;3.755531;0.301053
Costa Rica;2015;8.371547;6.854696;61.233294;0.0;0.0;0.031536;18.78568;1.26144;0.0;0.0;0.0;0.365871;0.0;0.07356;3.886228;4.952264;29.039706;0.0;0.0;0.005515;0.389232;0.296201
Costa Rica;2016;10.064399;6.523537;73.417479;0.0;0.0;0.031536;18.028847;1.26144;0.0;0.64908;0.000908;0.148001;0.086629;0.331128;4.130249;4.822254;28.893404;0.0;0.0;0.005082;0.694893;0.268236
Costa Rica;2017;11.914932;6.523537;73.419119;0.0;0.0;0.170294;18.028816;1.26144;0.125875;0.174011;1.401102;0.0;0.388094;0.0;4.635643;4.024196;31.237058;0.0;0.0;0.009706;0.134695;0.315056
Costa Rica;2018;12.859435;6.523537;74.822692;0.0;0.0;0.170294;18.028847;1.65564;0.584044;0.0;0.203977;0.0;0.0;0.0;6.475949;3.486855;30.034429;0.0;0.0;0.035609;0.570784;0.276006
Costa Rica;2019;12.958615;8.258017;73.894083;0.0;0.0;0.170294;14.951596;2.239056;0.0;0.0;0.0;0.0;0.0;0.271635;6.46684;5.445271;28.175979;0.0;0.0;0.034512;0.344289;0.259383
Costa Rica;2020;12.409889;8.258017;73.519593;0.0;0.0;0.170294;14.951596;2.239056;0.000681;0.0;0.0;0.085815;0.465833;0.149114;5.253992;6.081025;29.859551;0.0;0.0;0.032415;0.085431;0.210853
Costa Rica;2021;12.30582;8.162778;73.506884;0.0;0.0;0.170294;13.433138;2.239056;1.12655;0.111446;0.0;0.333408;0.170339;0.0;5.663879;5.766225;33.428571;0.0;0.0;0.032989;0.010295;0.24233
Cuba;2000;0.0;0.0;1.810166;0.0;0.0;0.0;106.566451;26.802446;0.0;0.0;0.069548;0.0;0.0;0.0;0.0;0.0;0.3204;0.0;0.0;0.0;50.3964;3.39912
Cuba;2001;0.0;0.0;1.810166;0.0;0.0;0.0;108.770818;28.521158;0.003474;0.0;0.0;0.00193;0.0;8.363842;0.0;0.0;0.27;0.0;0.0;0.0;51.4602;3.34908
Cuba;2002;0.015768;0.0;1.810166;0.0;0.0;0.0;105.008573;18.035438;0.0;0.009224;0.0;0.079584;10.542938;0.031129;0.00108;0.0;0.38304;0.0;0.0;0.0;52.75296;3.3786
Cuba;2003;0.015768;0.0;1.810166;0.0;0.0;0.0;102.328013;20.886293;12.865963;0.096103;0.015843;0.0;0.044909;0.0;0.00144;0.0;0.45972;0.0;0.0;0.0;53.86428;2.59236
Cuba;2004;0.015768;0.0;1.844856;0.0;0.0;0.0;102.324859;14.500253;0.097886;0.0;0.166786;0.0;0.0;0.0;0.00144;0.0;0.31536;0.0;0.0;0.0;53.12556;2.83896
Cuba;2005;0.015768;0.0;1.520035;0.0;0.0;0.0;111.930725;21.353026;0.0;0.0;0.0;0.0;0.0;0.00017;0.00036;0.0;0.24372;0.0;0.0;0.0;53.47368;1.5102
Cuba;2006;0.015768;0.0;1.520035;0.0;0.0;0.0;147.661013;14.03352;0.0;0.0;0.005972;9.747311;0.006732;0.069605;0.00108;0.0;0.3366;0.0;0.0;0.0;57.4866;1.46196
Cuba;2007;0.0;0.0;1.289822;0.0;0.0;0.0;152.71308;17.218656;0.01141;11.687759;0.0;0.044909;0.096046;0.0;0.00072;0.0;0.43704;0.0;0.0;0.0;61.51716;1.48608
Cuba;2008;0.23652;0.0;1.895314;0.0;0.0;0.0;150.830381;17.218656;0.106355;0.068267;14.389082;0.0;0.0;0.0;0.02952;0.0;0.49788;0.0;0.0;0.0;61.13196;1.99332
Cuba;2009;0.239674;0.0;1.825934;0.0;0.0;0.0;155.740536;17.218656;0.0;0.0;0.069548;0.0;0.0;0.0;0.01296;0.0;0.54288;0.0;0.0;0.0;61.33644;1.92528
Cuba;2010;0.293285;0.0;1.971;0.0;0.0;0.0;165.021581;17.281728;0.004609;0.0;0.0;0.002009;0.0;8.500756;0.0396;0.0;0.34776;0.0;0.0;0.00252;60.59628;1.60632
Cuba;2011;0.378432;0.0;2.04984;0.0;0.0;0.003154;166.945277;17.124048;0.0;0.011109;0.0;0.09457;10.932219;0.031129;0.07128;0.0;0.35712;0.0;0.0;0.0;61.87176;1.63368
Cuba;2012;0.372125;0.0;1.958386;0.0;0.0;0.0;161.029123;16.367184;13.298301;0.098657;0.018795;0.0;0.048054;0.0;0.07812;0.0;0.39924;0.0;0.0;0.0;63.87948;1.9836
Cuba;2013;0.370548;0.0;1.980461;0.0;0.0;0.313783;169.424006;14.809306;0.097886;0.0;0.169591;0.0;0.0;0.0;0.09216;0.0;0.45828;0.0;0.0;0.0;65.90484;2.50776
Cuba;2014;0.370548;0.0;1.980461;0.0;0.0;0.348473;176.817306;15.735203;0.0;0.001658;0.0;0.0;0.0;0.00017;0.06876;0.0;0.37476;0.0;0.0;0.06516;66.91428;2.295
Cuba;2015;0.370548;0.0;1.980461;0.0;0.0;0.685908;179.340186;16.725433;0.0;0.0;0.006746;10.294762;0.006732;0.069605;0.076068;0.0;0.17388;0.0;0.0;0.104292;70.15284;2.52972
Cuba;2016;0.370548;0.0;2.078222;0.0;0.0;1.09903;184.351257;15.621673;0.015718;11.871677;0.0;0.044909;0.096103;0.0;0.07488;0.0;0.23112;0.0;0.0;0.14148;70.7328;2.47068
Cuba;2017;0.370548;0.0;2.078222;0.0;0.0;2.313166;182.641154;16.817739;0.153537;0.06794;15.203071;0.0;0.0;0.0;0.0828;0.0;0.2988;0.0;0.0;0.20988;71.17848;2.2392
Cuba;2018;0.372125;0.0;2.018304;0.0;0.0;4.011379;186.140767;17.522505;0.0;0.0;0.067628;0.0;0.0;0.0;0.0684;0.0;0.5238;0.0;0.0;0.53568;72.28692;1.5984
Cuba;2019;0.378432;0.0;2.018304;0.0;0.0;4.642099;171.372931;26.818214;0.00495;0.0;0.0;0.003803;0.0;9.118141;0.0972;0.0;0.448081;0.0;0.0;0.804719;72.920054;1.8882
Cuba;2020;0.378432;0.0;2.037226;0.0;0.0;6.606792;170.727578;30.294238;0.0;0.01141;0.000568;0.096046;11.392922;0.034691;0.1008;0.0;0.40284;0.0;0.0;0.83808;70.275312;2.08404
Cuba;2021;0.378432;0.0;2.037226;0.0;0.0;7.246973;173.432642;30.317039;13.734243;0.099781;0.018818;0.0;0.04794;0.0;0.1008;0.0;0.43092;0.0;0.0;0.8532;66.188748;2.087052
Ecuador;2000;0.0;0.0;54.072288;0.0;0.0;0.0;52.553596;0.0;0.0;0.000272;0.0;0.0;0.0;0.0;0.0;0.0;27.400433;0.0;0.0;0.0;10.804348;0.0
Ecuador;2001;0.0;0.0;54.803923;0.0;0.0;0.0;47.501529;0.0;1.2e-05;0.0;0.000272;0.118479;0.0;0.459012;0.0;0.0;25.454349;0.0;0.0;0.0;14.324935;0.0
Ecuador;2002;0.0;0.0;55.055801;0.0;0.0;0.0;56.600201;0.0;0.0;0.171688;0.0;0.081991;0.534452;0.0;0.0;0.0;27.087322;0.0;0.0;0.0;15.707888;0.0
Ecuador;2003;0.0;0.0;55.059626;0.0;0.0;0.0;55.918077;0.0;0.609745;0.075406;0.192388;0.0;0.0;0.0;0.0;0.0;25.849501;0.0;0.0;0.0;15.716574;0.0
Ecuador;2004;0.0;0.0;55.056684;0.0;0.0;0.0;55.953707;1.10376;0.0;0.0;0.107796;0.0;0.0;0.0;0.0;0.0;26.682117;0.0;0.0;0.0;18.611656;0.011666
Ecuador;2005;0.0;0.0;55.614871;0.0;0.0;0.000568;59.856791;2.043533;0.000272;0.0;0.0;0.0;0.0;0.10447;0.0;0.0;24.777502;0.0;0.0;4.5e-05;23.106652;0.370283
Ecuador;2006;0.0;0.0;56.787695;0.0;0.0;0.000568;69.236197;2.327357;0.0;0.0;6.9e-05;0.46185;0.165384;0.072489;0.0;0.0;25.666175;0.0;0.0;5.4e-05;28.226829;0.524001
Ecuador;2007;0.075686;0.0;64.872169;0.0;0.0;0.000568;73.955086;2.327357;0.173392;0.602733;0.0;0.0;0.075168;0.0;0.003464;0.0;32.535559;0.0;0.0;6.5e-05;29.085361;0.78751
Ecuador;2008;0.075686;0.0;64.848562;0.0;0.0;0.000568;75.000624;3.368045;0.117798;0.0;0.679702;0.0;0.0;0.0;0.009657;0.0;40.655999;0.0;0.0;9.6e-05;25.574973;0.749968
Ecuador;2009;0.075686;0.0;64.940451;0.0;0.0;0.000568;80.249735;3.368045;0.0;0.000272;0.0;0.0;0.0;0.0;0.011536;0.0;33.211466;0.0;0.0;2.8e-05;31.750113;0.779471
Ecuador;2010;0.075686;0.0;70.716809;0.0;0.0;0.000568;88.034245;3.194597;1.6e-05;0.0;0.002146;0.105206;0.0;0.459;0.012365;0.0;31.091043;0.0;0.0;0.0;38.284042;0.848023
Ecuador;2011;0.075686;0.0;70.464363;0.0;0.0;0.001309;89.659472;3.194597;0.0;0.179976;0.0;0.081991;0.534884;0.0;0.012041;0.0;40.079118;0.0;0.0;0.000209;32.866024;1.001521
Ecuador;2012;0.075686;0.0;71.393981;0.0;0.0;0.00246;97.343262;3.194597;0.664733;0.089371;0.200835;0.0;0.0;0.0;0.008634;0.0;44.055804;0.0;0.0;0.001172;37.120166;1.066872
Ecuador;2013;0.59603;0.0;71.394012;0.0;0.0;0.123092;98.021269;3.194597;0.0;0.0;0.118275;0.0;0.0;0.0;0.204131;0.0;39.739768;0.0;0.0;0.013189;42.715263;1.064837
Ecuador;2014;0.666986;0.0;70.895776;0.0;0.0;0.832803;103.80316;4.550645;0.000272;8e-06;0.0;0.0;0.0;0.104799;0.287073;0.0;41.248424;0.0;0.0;0.059338;44.473037;1.438096
Ecuador;2015;0.666986;0.0;75.926398;0.0;0.0;0.805364;107.423556;4.550645;0.0;0.0;0.000179;0.534509;0.167792;0.073749;0.355703;0.0;47.146572;0.0;0.0;0.129809;44.320705;1.467904
Ecuador;2016;0.666986;0.0;140.220418;0.0;0.0;0.834988;113.092372;4.613717;0.191238;0.60576;0.0;0.0;0.070479;0.0;0.302252;0.0;57.001831;0.0;0.0;0.139517;39.12447;1.761833
Ecuador;2017;0.666986;0.0;142.415324;0.0;0.0;0.834988;105.188082;4.779596;0.11261;0.0;0.724728;0.0;0.0;0.0;0.264238;0.0;72.318983;0.0;0.0;0.134921;26.549097;1.651237
Ecuador;2018;0.666986;0.0;159.774116;0.0;0.0;0.871335;107.069596;4.779596;0.0;0.000272;0.0;0.0;0.0;0.0;0.288928;0.0;74.440807;0.0;0.0;0.137086;28.869413;1.540684
Ecuador;2019;0.666986;0.0;160.089476;0.0;0.0;0.871335;107.483096;4.779596;4.4e-05;0.0;0.002401;0.130997;0.0;0.46185;0.307897;0.0;88.706062;0.0;0.0;0.135422;25.438457;1.637012
Ecuador;2020;0.666986;0.0;160.794054;0.0;0.0;0.871335;107.638916;4.779596;0.0;0.173152;0.0;0.075179;0.59302;0.0;0.277573;0.0;87.599741;0.0;0.0;0.135953;22.785448;1.694092
Ecuador;2021;0.666986;0.0;161.049495;0.0;0.0;0.872071;108.046676;4.813024;0.673704;0.106445;0.214239;0.0;0.0;0.0;0.223241;0.0;92.068599;0.0;0.0;0.132729;22.02645;1.493745
El Salvador;2000;0.0;5.077296;12.45672;0.0;0.0;0.0;14.1912;0.0;7.9e-05;2e-06;0.024688;0.040303;0.0;2.56873;0.0;2.6604;4.212;0.0;0.0;0.0;5.0976;0.0
El Salvador;2001;0.0;5.077296;12.488256;0.0;0.0;0.0;17.691696;0.0;0.0;0.040303;9e-06;1.091605;2.734247;0.639512;0.0;3.2652;4.1688;0.0;0.0;0.0;6.0876;0.0
El Salvador;2002;0.0;5.077296;12.961296;0.0;0.0;0.0;14.884992;0.0;3.227306;1.287804;0.042574;0.0;0.809531;0.016458;0.0;3.3696;4.0824;0.0;0.0;0.0;6.8724;0.0
El Salvador;2003;0.0;5.077296;13.56048;0.0;0.0;0.0;15.61032;0.63072;1.158488;0.0;1.305318;7.9e-05;0.018813;0.0;0.0;3.4776;5.256;0.0;0.0;0.0;6.426;0.0
El Salvador;2004;0.0;4.761936;13.56048;0.0;0.0;0.0;15.61032;0.63072;0.018813;7.9e-05;0.0;0.0;2e-06;0.036784;0.0;3.4128;4.9752;0.0;0.0;0.0;7.1532;0.0
El Salvador;2005;0.0;4.761936;14.538096;0.0;0.0;0.0;16.777152;2.554416;2e-06;0.0;7.9e-05;2.708816;0.040303;1.092059;0.0;3.546;5.9904;0.0;0.0;0.0;6.9768;0.0
El Salvador;2006;0.0;4.761936;14.916528;0.0;0.0;0.0;19.047744;2.712096;0.040303;2.996046;0.0;0.742813;1.19614;0.0;0.0;3.852;7.0452;0.0;0.0;0.0;8.4888;0.0
El Salvador;2007;0.0;6.433344;15.263424;0.0;0.0;0.0;20.02536;3.563568;1.305957;0.924612;3.570165;0.018472;0.0;7.9e-05;0.0;4.6548;6.2424;0.0;0.0;0.0;8.8704;0.0
El Salvador;2008;0.0;6.433344;15.263424;0.0;0.0;0.0;20.246112;3.437424;0.0;0.018813;1.382474;0.0;7.9e-05;0.0;0.0;5.1156;7.3188;0.0;0.0;0.0;8.1432;0.0
El Salvador;2009;0.0;6.433344;15.326496;0.0;0.0;0.0;21.791376;3.437424;7.9e-05;2e-06;0.024688;0.040303;0.0;2.674712;0.0;5.1156;5.4;0.0;0.0;0.0;9.3312;0.0
El Salvador;2010;0.0;6.433344;15.358032;0.0;0.0;0.0;21.791376;3.437424;0.0;0.040303;0.000443;1.091605;2.736972;0.676591;0.0;5.1372;7.4844;0.0;0.0;0.0;7.9236;0.0
El Salvador;2011;0.0;6.433344;15.358032;0.0;0.189216;0.0;21.791376;3.62664;3.399303;1.287795;0.068021;0.0;0.810666;0.016429;0.0;5.148;7.2216;0.0;0.0;0.0;7.8408;0.5976
El Salvador;2012;0.0;6.433344;15.358032;0.0;0.189216;0.0;21.60216;3.46896;1.262646;0.0;1.325912;7.9e-05;0.018813;0.0;0.0;5.112;6.6312;0.0;0.0;0.0;8.7408;0.7992
El Salvador;2013;0.0;6.433344;15.389568;0.0;0.189216;0.0;23.872752;4.09968;0.023922;7.9e-05;0.0;0.0;2e-06;0.040303;0.0;5.1912;6.426;0.0;0.0;0.0;8.6976;0.8244
El Salvador;2014;0.0;6.433344;15.45264;0.0;0.189216;0.0;23.872752;4.09968;5e-06;0.0;7.9e-05;2.714947;0.040303;1.092059;0.0;5.1984;6.4224;0.0;0.1188;0.0;8.8632;0.8244
El Salvador;2015;0.0;6.433344;15.168816;0.0;0.216022;0.346896;23.872752;6.14952;0.040303;3.091979;0.0;0.764961;1.199591;0.0;0.0;5.1552;5.1372;0.0;0.1512;0.025308;8.8524;1.242
El Salvador;2016;0.0;6.433344;15.13728;0.0;0.216022;0.378432;23.872752;7.947072;1.300242;1.089311;3.573344;0.018813;0.0;7.9e-05;0.0;5.2812;4.8204;0.0;0.1188;0.08766;8.7732;1.422
El Salvador;2017;0.0;6.433344;18.101664;0.0;0.216022;3.815856;23.872752;8.293968;0.0;0.018813;1.300512;0.0;7.9e-05;0.0;0.0;5.256;6.12;0.0;0.1224;0.603;4.5936;1.5588
El Salvador;2018;0.0;6.433344;18.088577;0.0;0.216022;5.266512;23.872752;9.271584;7.9e-05;2e-06;0.024688;0.040303;0.0;2.684521;0.0;5.1741;5.85576;0.0;0.098388;1.023732;4.246452;1.7595
El Salvador;2019;0.0;6.445958;18.088577;0.0;0.216022;12.814023;24.317725;9.271584;0.0;0.040303;0.002998;1.195484;2.787379;0.713522;0.0;4.94172;5.483044;0.0;0.1044;1.762595;5.77872;1.98576
El Salvador;2020;1.135296;6.445958;18.095136;0.0;0.216022;14.962444;24.317725;9.25897;3.555747;1.292336;0.076684;0.0;0.88474;0.016429;0.050836;5.219955;7.437344;0.0;0.095004;3.238684;3.199291;1.979043
El Salvador;2021;1.702944;6.445958;18.034145;0.0;0.198677;16.999796;24.317599;9.290506;1.340096;0.0;1.414352;7.9e-05;0.018813;0.0;0.474426;5.612773;6.556219;0.0;0.076607;3.867946;3.551344;3.169599
Guatemala;2000;0.0;0.756864;16.426472;0.0;0.0;0.0;31.08718;10.217664;0.0;0.0;0.016811;0.220994;0.001527;0.040489;0.0;0.72792;9.61164;0.0;0.0;0.0;11.07108;0.0
Guatemala;2001;0.0;0.756864;16.426472;0.0;0.0;0.0;31.08718;11.19528;0.019595;0.267576;0.0;3.333134;0.052336;0.0;0.0;0.697248;8.151552;0.0;0.0;0.0;11.9313;0.0
Guatemala;2002;0.0;0.756864;18.348023;0.0;0.0;0.0;31.08718;11.19528;0.055426;4.231857;0.307243;0.0;0.0;0.0;0.0;0.467964;7.596468;0.0;0.0;0.0;14.223816;0.0
Guatemala;2003;0.0;0.756864;19.864905;0.0;0.0;0.0;36.629632;11.19528;0.0;0.0;4.316638;0.0;0.007782;0.0;0.0;0.702072;7.835724;0.0;0.0;0.0;15.082164;0.0
Guatemala;2004;0.0;0.756864;22.012506;0.0;0.0;0.0;36.787312;11.19528;0.01358;0.0;0.0;0.001559;0.0;0.210557;0.0;0.699228;9.169812;0.0;0.0;0.0;15.36426;0.0
Guatemala;2005;0.0;0.756864;22.589931;0.0;0.0;0.0;37.102672;11.19528;0.0;0.019595;0.009082;0.049918;0.257921;2.821842;0.0;0.526464;10.513008;0.0;0.0;0.0;12.743136;2.2086
Guatemala;2006;0.0;0.756864;23.160732;0.0;0.0;0.0;37.102672;11.19528;0.290208;0.054583;0.028053;0.0;3.82266;0.0;0.0;0.507731;11.651098;0.0;0.0;0.0;11.998493;2.511934
Guatemala;2007;0.0;1.551571;23.980668;0.0;0.0;0.0;37.599174;11.19528;4.430784;0.0;0.055994;0.007782;0.0;0.0;0.0;0.828079;10.736473;0.0;0.0;0.0;14.163007;2.769782
Guatemala;2008;0.0;1.551571;23.998328;0.0;0.0;0.0;40.541483;11.19528;0.0;0.007938;0.0;0.0;0.0;0.001559;0.0;0.977722;13.043891;0.0;0.0;0.0;12.049067;2.363065
Guatemala;2009;0.0;1.551571;24.217504;0.0;0.0;0.0;40.541483;11.19528;0.0;0.0;0.016811;0.246408;0.001641;0.042265;0.0;1.009406;10.411301;0.0;0.0;0.0;13.58372;3.691542
Guatemala;2010;0.0;1.551571;27.324998;0.0;0.0;0.0;40.541483;11.19528;0.026748;0.278232;0.0;3.703263;0.054866;0.0;0.0;0.922726;13.543238;0.0;0.0;0.0;10.775059;3.214659
Guatemala;2011;0.0;1.551571;28.645726;0.0;0.0;0.0;40.541483;11.19528;0.056061;4.240057;0.337609;0.0;0.0;0.002248;0.0;0.841293;14.707046;0.0;0.0;0.0;10.749854;2.960105
Guatemala;2012;0.0;1.551571;31.426255;0.0;0.0;0.0;40.54142;11.826;0.0;0.0;5.496081;0.0;0.007782;0.0;0.0;0.914797;16.237647;0.0;0.0;0.0;11.075578;3.626517
Guatemala;2013;0.0;1.551571;31.441077;0.0;0.0;0.0;41.892895;18.894794;0.015028;0.0;0.0;0.001527;0.0;0.214077;0.0;0.769382;16.753889;0.0;0.0;0.0;11.330266;4.678392
Guatemala;2014;0.0;1.551571;31.735781;0.0;0.0;0.15768;41.44499;21.301086;0.0;0.019595;0.009082;0.051493;0.259976;3.030635;0.0;0.873528;17.098852;0.0;0.0;0.02602;11.463665;5.196564
Guatemala;2015;2.393582;1.551571;34.229458;0.0;0.0;2.52288;49.045166;27.644741;0.294963;0.055418;0.047353;0.0;4.072961;0.0;0.398211;0.929159;14.231023;0.0;0.0;0.55106;16.008895;5.920878
Guatemala;2016;2.393582;1.551571;39.6212;0.0;0.0;2.52288;48.792878;33.273917;4.330027;0.0;0.056056;0.007782;0.0;0.0;1.017445;0.762363;13.969783;0.0;0.0;0.679945;17.394235;6.271979
Guatemala;2017;2.393582;1.551571;45.322183;0.0;0.0;2.52288;41.870599;34.399753;0.0;0.010799;0.0;0.0;0.0;0.001559;0.784998;0.910971;20.755181;0.0;0.0;0.713531;12.456131;5.742823
Guatemala;2018;3.386966;1.551571;47.274892;0.0;0.0;2.52288;39.253111;34.081586;0.0;0.0;0.022304;0.254707;0.001641;0.051845;1.150203;0.899114;18.687546;0.0;0.0;0.749927;17.249817;6.344003
Guatemala;2019;3.386966;1.639872;49.072444;0.0;0.0;2.91708;39.253111;31.574474;0.027599;0.279021;0.0;3.825367;0.055108;0.0;1.190796;0.943693;15.772066;0.0;0.0;0.840259;18.530393;6.74443
Guatemala;2020;3.386966;1.551571;49.786293;0.0;0.0;2.91708;39.379255;32.662466;0.056058;4.301433;0.346288;0.0;0.0;0.002248;1.125662;0.985882;20.939536;0.0;0.0;0.797424;9.898374;6.292546
Guatemala;2021;3.386966;1.551571;49.088528;0.0;0.0;2.932848;39.379255;33.322357;0.0;0.0;5.385617;0.0;0.007938;0.0;1.165663;0.953886;21.457055;0.0;0.0;0.826561;12.309489;6.282424
Haiti;2000;0.0;0.0;1.775035;0.0;0.0;0.0;4.574738;0.0;0.0;0.008378;0.000115;0.00639;0.232717;0.101105;0.0;0.0;1.0188;0.0;0.0;0.0;1.03045;0.0
Haiti;2001;0.0;0.0;1.775035;0.0;0.0;0.0;4.574738;0.0;0.297403;0.00639;0.011501;0.154954;0.101473;0.0;0.0;0.0;1.0188;0.0;0.0;0.0;1.030455;0.0
Haiti;2002;0.0;0.0;1.775035;0.0;0.0;0.0;5.062916;0.0;0.127338;0.154954;0.00639;0.0;0.0;0.0;0.0;0.0;0.936;0.0;0.0;0.0;0.886064;0.0
Haiti;2003;0.0;0.0;1.775035;0.0;0.0;0.0;6.340124;0.0;0.0;0.0;0.182783;0.0;0.0;0.0;0.0;0.0;0.918;0.0;0.0;0.0;0.965245;0.0
Haiti;2004;0.0;0.0;1.775035;0.0;0.0;0.0;6.655484;0.0;0.0;0.0;0.0;0.235049;0.007357;0.00639;0.0;0.0;0.936;0.0;0.0;0.0;1.030304;0.0
Haiti;2005;0.0;0.0;1.775035;0.0;0.0;0.0;6.655484;0.0;0.011501;0.273149;0.0;0.095849;0.00639;0.154954;0.0;0.0;0.954;0.0;0.0;0.0;1.04885;0.0
Haiti;2006;0.0;0.0;1.775035;0.0;0.0;0.0;6.655484;0.0;0.00639;0.112793;0.330827;0.0;0.154954;0.0;0.0;0.0;0.9756;0.0;0.0;0.0;1.077332;0.0
Haiti;2007;0.0;0.0;1.775035;0.0;0.0;0.0;6.655484;0.0;0.154954;0.0;0.160812;0.0;0.0;0.0;0.0;0.0;0.5544;0.0;0.0;0.0;2.251764;0.0
Haiti;2008;0.0;0.0;1.775035;0.0;0.0;0.0;8.673788;0.0;0.0;0.0;0.0;0.0;0.0;0.238931;0.0;0.0;0.6516;0.0;0.0;0.0;2.154564;0.0
Haiti;2009;0.0;0.0;1.775035;0.0;0.0;0.000315;10.603791;0.0;0.0;0.012125;0.000115;0.00639;0.232649;0.099932;0.0;0.0;0.7452;0.0;0.0;0.0;1.184346;0.0
Haiti;2010;0.0;0.0;1.775035;0.0;0.0;0.017597;10.603791;0.0;0.305399;0.00639;0.011501;0.154954;0.105156;0.0;0.0;0.0;0.6372;0.0;0.0;0.001656;1.69758;0.0
Haiti;2011;0.0;0.0;1.775035;0.0;0.0;0.01848;11.549871;0.0;0.134047;0.154954;0.00639;0.0;0.0;0.0;0.0;0.0;0.4356;0.0;0.0;0.003456;2.035829;0.0
Haiti;2012;0.0;0.0;1.775035;0.0;0.0;0.036519;11.707866;0.0;0.0;0.0;0.158941;0.0;0.0;0.0;0.0;0.0;0.7956;0.0;0.0;0.006264;3.382416;0.0
Haiti;2013;0.0;0.0;1.775035;0.0;0.0;0.044497;12.243978;0.0;0.0;0.0;0.002271;0.234895;0.008378;0.00639;0.0;0.0;0.5076;0.0;0.0;0.007956;3.462819;0.0
Haiti;2014;0.0;0.0;1.775035;0.0;0.0;0.050363;12.243978;0.0;0.011501;0.28675;0.0;0.101473;0.00639;0.154954;0.0;0.0;0.324;0.0;0.0;0.009072;3.387492;0.0
Haiti;2015;0.0;0.0;1.775035;0.0;0.0;0.061937;12.255646;0.0;0.00639;0.11494;0.373625;0.0;0.154954;0.0;0.0;0.0;0.2988;0.0;0.0;0.0108;3.422088;0.0
Haiti;2016;0.0;0.0;1.775035;0.0;0.0;0.06323;12.255646;0.0;0.154954;0.0;0.192367;0.0;0.0;0.0;0.0;0.0;0.2556;0.0;0.0;0.011592;3.518229;0.0
Haiti;2017;0.0;0.0;1.775035;0.0;0.0;0.079944;12.306104;0.0;0.0;0.0;0.0;0.003974;0.0;0.235243;0.0;0.0;0.4572;0.0;0.0;0.013248;3.359386;0.0
Haiti;2018;0.000757;0.0;2.456213;0.0;0.0;0.080543;12.310834;0.0;0.0;0.012125;0.000114;0.00639;0.255389;0.098097;0.000108;0.0;0.7092;0.0;0.0;0.014832;3.162633;0.0
Haiti;2019;0.000757;0.0;2.456213;0.0;0.0;0.082214;12.310834;0.0;0.30662;0.00639;0.016382;0.154954;0.112132;0.0;0.000252;0.0;0.72;0.0;0.0;0.015048;3.20929;0.0
Haiti;2020;0.000757;0.0;2.456213;0.0;0.0;0.082214;12.310834;0.0;0.155108;0.154954;0.00639;0.0;0.0;0.0;0.000252;0.0;0.72;0.0;0.0;0.015228;3.078947;0.0
Haiti;2021;0.000757;0.0;2.456213;0.0;0.0;0.082214;12.310834;0.0;0.0;0.0;0.158941;0.0;0.0;0.0;0.000252;0.0;0.72;0.0;0.0;0.015228;3.093372;0.0
Honduras;2000;0.0;0.0;13.724467;0.0;0.0;0.0;15.247656;0.047304;0.002611;0.508431;0.0;0.018226;1.573974;0.0;0.0;0.0;8.14428;0.0;0.0;0.0;5.31576;0.0018
Honduras;2001;0.0;0.0;13.724467;0.0;0.0;0.0;15.33911;0.047304;1.660122;0.02396;0.619236;0.095694;0.0;0.0;0.0;0.0;6.8544;0.0;0.0;0.0;7.39836;0.0
Honduras;2002;0.0;0.0;14.686315;0.0;0.0;0.0;17.688542;0.536112;0.0;0.108932;0.042148;0.0;0.0;0.0;0.0;0.0;5.79708;0.0;0.0;0.0;9.18612;0.01512
Honduras;2003;0.0;0.0;14.670863;0.0;0.0;0.0;13.994888;0.558187;0.018823;0.0;0.092141;0.002611;0.0;0.383853;0.0;0.0;6.26616;0.0;0.0;0.0;7.4088;0.07308
Honduras;2004;0.0;0.0;14.964147;0.0;0.0;0.0;20.367526;1.056456;0.0;0.002611;0.0;1.418098;0.423057;0.016469;0.0;0.0;5.04468;0.0;0.0;0.0;10.4112;0.15516
Honduras;2005;0.0;0.0;15.064747;0.0;0.0;0.0;29.005236;1.870085;0.583279;1.657284;0.016036;0.0;0.02396;0.097056;0.0;0.0;6.1848;0.0;0.0;0.0;12.98088;0.27432
Honduras;2006;0.0;0.0;15.814358;0.0;0.0;0.0;28.924441;1.870085;0.038174;0.0;1.660122;0.0;0.108932;0.0;0.0;0.0;7.45128;0.0;0.0;0.0;13.46328;0.35964
Honduras;2007;0.0;0.0;16.344163;0.0;0.0;0.0;28.784484;2.562332;0.109499;0.002066;0.0;0.0;0.0;0.0;0.0;0.0;7.97112;0.0;0.0;0.0;14.1372;0.5544
Honduras;2008;0.0;0.0;16.415434;0.0;0.0;0.0;30.492158;3.085829;0.0;0.0;0.033264;0.39952;0.002611;1.500294;0.0;0.0;8.24796;0.0;0.0;0.0;14.549735;0.79848
Honduras;2009;0.0;0.0;16.594874;0.0;0.0;0.0;28.333519;3.1694;0.002611;0.515857;0.0;0.022824;1.636508;0.0;0.0;0.0;10.06776;0.0;0.0;0.0;13.137298;0.72
Honduras;2010;0.0;0.0;16.661415;0.0;0.0;0.0;28.333519;3.1694;1.660122;0.031226;0.623984;0.108932;0.0;0.0;0.0;0.0;11.089272;0.0;0.0;0.0;12.784524;0.67644
Honduras;2011;3.216672;0.0;16.784721;0.0;0.0;0.045412;28.708798;4.366159;0.0;0.109499;0.044078;0.0;0.0;0.0;0.41904;0.0;10.100009;0.0;0.0;0.005459;14.728743;1.227914
Honduras;2012;3.216672;0.0;17.065391;0.0;0.0;0.049512;28.708798;4.400849;0.022229;0.0;0.093435;0.002611;0.0;0.3683;1.217819;0.0;10.03234;0.0;0.0;0.006692;15.370574;1.371477
Honduras;2013;3.216672;0.0;17.703364;0.0;0.0;0.152634;29.494044;5.220785;0.0;0.002611;0.0;1.418098;0.462067;0.016469;1.116846;0.0;9.86141;0.0;0.0;0.018302;16.823481;1.42636
Honduras;2014;4.793472;0.0;19.838667;0.0;0.0;0.0;29.651724;5.227092;0.588224;1.657284;0.016036;0.0;0.02396;0.095126;1.433903;0.0;9.412621;0.0;0.0;0.051032;17.729216;1.191807
Honduras;2015;4.793472;0.0;20.513222;0.0;0.0;12.93449;29.505082;5.884618;0.04158;0.0;1.689299;0.0;0.108932;0.0;2.392723;0.0;8.488845;0.0;0.0;1.589155;18.003136;1.951638
Honduras;2016;5.5188;0.0;21.131643;0.0;0.0;13.874263;32.611378;7.357349;0.100655;0.009287;0.0;0.0;0.0;0.002611;2.098375;0.0;8.086483;0.0;0.0;3.301323;17.143646;2.706377
Honduras;2017;7.0956;1.10376;21.896706;0.0;0.0;15.469669;33.494386;7.357349;0.0;0.0;0.083483;0.403611;0.002611;1.499385;2.081112;0.333305;10.694549;0.0;0.0;3.475204;14.481458;2.901417
Honduras;2018;7.0956;1.229904;22.843102;0.0;0.0;17.633354;33.155374;7.357349;0.010814;0.535084;0.0;0.02396;1.657284;0.0;3.343337;1.069446;11.356728;0.0;0.0;3.757063;12.807336;2.605413
Honduras;2019;7.41096;1.229904;23.036417;0.0;0.0;17.965428;32.71387;8.217336;1.660122;0.038174;0.650698;0.108932;0.0;0.0;2.945844;1.065305;8.748286;0.0;0.0;4.23216;17.640808;3.47675
Honduras;2020;7.41096;1.229904;26.497493;0.0;0.0;18.233484;33.03869;8.217336;0.0;0.109499;0.044078;0.0;0.002066;0.0;2.546636;1.105158;9.722304;0.0;0.0;4.006125;15.992636;2.840842
Honduras;2021;7.41096;1.387584;26.894847;0.0;0.0;18.233484;33.03869;8.217336;0.022229;0.0;0.0923;0.002611;0.0;0.401962;2.788782;1.253509;13.554783;0.0;0.0;4.063251;14.890413;2.893736
México;2000;0.068591;26.960126;303.349735;43.042856;0.0;0.0;783.845035;0.0;0.906704;0.054948;0.004961;0.0;0.937754;0.0;0.02744;21.244612;119.069547;29.595361;0.0;0.0;523.858562;0.0
México;2001;0.068591;26.424014;303.349735;43.042856;0.0;0.0;841.842987;0.0;1.03494;0.0;0.055289;0.000247;0.0;0.0;0.023443;20.04033;102.367113;31.4146;0.0;0.0;555.737773;0.0
México;2002;0.068591;26.581694;303.223591;43.042856;0.0;0.0;925.870596;0.0;0.0;0.009705;0.0;0.0;0.0;0.001362;0.024;19.431417;89.501962;35.087836;0.0;0.0;577.259383;0.0
México;2003;0.068591;30.258792;303.223591;43.042856;0.0;0.0;1028.684263;0.0;0.0;0.0;0.067845;0.673859;0.003145;0.044844;0.019346;22.613969;71.111492;37.805428;0.0;0.0;597.793748;0.0
México;2004;0.068591;30.258792;332.078968;43.042856;0.0;0.0;1062.601925;0.0;0.004961;0.797831;0.0;0.918;0.052337;0.0;0.022128;23.676497;90.274974;33.098167;0.0;0.0;598.196193;0.0
México;2005;0.069695;30.258792;332.261088;43.042856;0.0;0.0;1061.849917;0.0;0.055289;0.901782;1.101135;0.0;0.0;0.000247;0.017998;26.274669;99.401004;38.897662;0.0;0.0;617.180268;0.0
México;2006;0.069695;30.258792;333.219783;43.042856;0.0;0.0;1131.377967;0.0;0.0;0.0;1.483591;0.0;0.000251;0.0;0.16129;24.067393;109.097457;39.118468;0.0;0.0;632.384034;0.0
México;2007;2.695697;30.258792;357.723255;43.042856;0.0;0.0;1175.515753;0.0;0.009678;0.0;0.0;0.001873;0.0;0.688692;0.894357;26.653875;97.351747;37.51461;0.0;0.0;668.921311;0.0
México;2008;2.688444;30.416472;357.720732;43.042856;0.0;0.0;1177.793598;0.0;0.0;0.002691;0.000962;0.048818;0.703943;0.91028;0.916608;25.400735;140.011318;35.294315;0.0;0.0;641.123677;0.0
México;2009;2.688444;30.416472;358.982172;43.042856;0.0;0.0;1194.842591;0.0;0.97778;0.054948;0.004961;0.0;0.834798;0.0;0.897289;24.262798;95.201871;37.803884;0.0;0.0;682.332054;0.0
México;2010;2.688444;30.416472;362.765798;43.042856;0.0;0.0;1230.773384;0.0;1.160435;0.0;0.055402;0.000247;0.0;0.0;0.599011;23.826457;132.258464;21.165266;0.0;0.0;691.518023;0.0
México;2011;2.735748;27.959818;361.178276;43.042856;0.0;0.0;1202.785184;0.0;0.0;0.009678;0.0;0.0;0.0;0.001362;1.286218;23.423812;128.865226;36.321102;0.0;0.0;738.484406;0.0
México;2012;18.845914;25.594618;362.588408;50.77296;0.0;0.189216;1199.065986;0.0;0.0;0.0;0.182896;0.677779;0.003145;0.044958;6.27892;20.939912;112.739667;31.570556;0.0;0.007475;766.255666;0.0
México;2013;50.804496;25.954128;368.308944;44.1504;0.0;1.450656;1526.689296;5.077296;0.004961;0.812637;0.0;0.918;0.0537;0.0;15.066;21.852;100.6488;42.48;0.0;0.0684;887.6484;1.782
México;2014;64.207296;25.638768;392.875488;44.1504;0.009461;1.766016;1496.004768;39.451536;0.055289;0.972743;1.254584;0.0;0.0;0.000247;23.1336;21.6;140.0148;34.837949;0.00144;0.306;849.9708;15.4044
México;2015;88.45848;27.877824;393.853104;47.61936;4.131216;1.766016;1538.988336;42.5736;0.0;0.0;1.74368;0.0;0.000251;0.0;31.482;22.7916;111.2112;41.677697;0.5796;0.2808;887.7636;18.6048
México;2016;117.78696;28.666224;397.006704;50.709888;8.262432;4.57272;1650.310416;60.915253;0.009849;0.0;0.0;0.003145;0.0;0.670584;37.6668;22.1328;111.2724;38.041826;0.3312;0.576;916.1856;23.5008
México;2017;122.927328;28.350864;397.732032;50.709888;11.794464;5.392656;1487.426976;41.690592;0.0;0.002691;0.02522;0.048818;0.755896;0.920839;37.6416;20.6892;113.9904;38.0592;2.106;1.2564;855.6012;21.024
México;2018;153.454176;28.350864;397.732032;50.709888;11.826;59.224608;1545.610896;53.895024;0.986723;0.055175;0.004541;0.0;0.864993;0.0;44.766;18.234;116.0424;47.52;7.161012;11.562156;876.293316;8.74278
México;2019;190.7928;28.350864;397.732032;50.709888;11.826;114.980256;1625.586192;53.92656;1.259821;0.0;0.05563;0.000247;0.0;0.0;60.2172;18.2196;84.9672;39.1716;6.719364;35.871552;900.363708;12.173688
México;2020;205.110144;29.990736;397.732032;50.709888;11.920608;162.378864;1690.771104;72.69048;0.0;0.009678;0.0;0.0;0.0;0.001362;70.9272;16.47;96.5412;39.1104;7.943436;57.008232;838.687464;15.478704
México;2021;220.026672;30.779136;397.795104;50.709888;11.920608;187.79688;1745.20224;72.69048;0.000153;0.0;0.231146;0.68303;0.002691;0.046661;75.869532;15.27444;124.981776;41.779908;5.744088;72.699084;834.292476;12.311424
Nicaragua;2000;0.0;2.20752;3.39977;0.0;0.0;0.0;14.010814;0.876701;0.059376;0.072091;0.309162;0.0;0.0;0.0;0.0;0.482958;0.754373;0.0;0.0;0.0;6.652447;0.255908
Nicaragua;2001;0.0;2.20752;3.39977;0.0;0.0;0.0;13.949319;0.876701;0.0;0.0;0.077768;0.0;0.0;0.0;0.0;0.741881;0.708492;0.0;0.0;0.0;7.276414;0.17215
Nicaragua;2002;0.0;2.44404;3.299612;0.0;0.0;0.0;14.044873;1.286669;0.0;0.0;0.0;0.0;0.0;0.192895;0.0;0.756979;1.09369;0.0;0.0;0.0;7.110656;0.47047
Nicaragua;2003;0.0;2.44404;3.299612;0.0;0.0;0.0;14.00766;2.059301;0.0;0.0;0.000681;0.052678;0.22265;0.051088;0.0;0.974523;1.07271;0.0;0.0;0.0;7.277311;0.654523
Nicaragua;2004;0.0;2.44404;3.302135;0.0;0.0;0.0;14.250172;3.841085;0.311715;0.053245;0.0;0.0;0.060398;0.0;0.0;0.917426;1.157468;0.0;0.0;0.0;7.599501;0.841497
Nicaragua;2005;0.0;2.7594;3.299612;0.0;0.0;0.0;14.398076;3.841085;0.078449;0.0;0.069594;0.0;0.0;0.0;0.0;0.974737;1.561004;0.0;0.0;0.0;7.182981;1.265848
Nicaragua;2006;0.0;2.7594;3.299612;0.0;0.0;0.0;14.163448;3.841085;0.0;0.0;0.0;0.0;0.0;0.0;0.0;1.119575;1.108981;0.0;0.0;0.0;7.904239;1.162001
Nicaragua;2007;0.0;2.7594;3.320741;0.0;0.0;0.0;16.307896;3.841085;0.0;0.0;0.0;0.22013;0.0;0.045639;0.0;0.875662;1.103651;0.0;0.0;0.0;8.203275;1.37041
Nicaragua;2008;0.0;2.7594;3.320741;0.0;0.0;0.0;18.176089;3.841085;0.0;0.270035;0.0;0.056197;0.052678;0.0;0.0;1.159694;1.924034;0.0;0.0;0.0;7.799524;1.216178
Nicaragua;2009;1.258286;2.7594;3.320741;0.0;0.0;0.0;19.777802;3.841085;0.059376;0.072886;0.312412;0.0;0.0;0.0;0.403195;1.067495;1.068178;0.0;0.0;0.0;8.590515;1.305229
Nicaragua;2010;1.986768;2.7594;3.320741;0.0;0.0;0.0;21.917252;3.841085;0.0;0.0;0.085942;0.0;0.0;0.0;0.58821;1.087587;1.811346;0.0;0.0;0.0;8.300784;1.384731
Nicaragua;2011;1.986768;2.7594;3.320741;0.0;0.0;0.0;23.057278;3.841085;0.0;0.0;0.0;0.0;0.0;0.195114;0.758384;0.982242;1.597324;0.0;0.0;0.0;9.088084;1.341883
Nicaragua;2012;4.623178;5.187672;3.333355;0.0;0.0;0.0;23.217071;4.219517;0.0;0.0;0.005222;0.052678;0.238039;0.06369;1.186397;1.883943;1.507079;0.0;0.0;0.0;8.265577;1.634274
Nicaragua;2013;4.623178;4.872312;3.787474;0.0;0.0;0.04352;23.180379;4.219517;0.332804;0.053586;0.0;0.0;0.068572;0.0;2.021656;2.445705;1.641831;0.0;0.0;0.002435;7.126253;1.735588
Nicaragua;2014;5.872003;4.872312;3.787474;0.0;0.0;0.04352;23.103084;4.219517;0.078449;0.0;0.069594;0.0;0.0;0.0;3.045484;2.383229;1.425155;0.0;0.0;0.005149;7.349696;1.769799
Nicaragua;2015;5.872003;4.872312;4.339354;0.0;0.0;0.04352;23.103084;4.219517;0.0;0.0;0.0;0.0;0.0;0.0;3.11559;2.439876;1.062395;0.0;0.0;0.008009;8.244016;1.636812
Nicaragua;2016;5.872003;4.872312;4.492303;0.0;0.0;0.04352;23.184936;5.569258;0.0;0.0;0.000341;0.22265;0.0;0.046774;2.624529;2.540022;1.536099;0.0;0.0;0.007776;7.918519;1.919678
Nicaragua;2017;5.872003;4.872312;4.492303;0.0;0.0;0.440243;25.501886;5.569258;0.0;0.274254;0.0;0.056197;0.053245;0.0;2.284404;2.703085;1.683276;0.0;0.0;0.050073;7.178993;2.399043
Nicaragua;2018;5.872003;4.872312;4.492303;0.0;0.0;0.440243;25.501886;5.569258;0.059376;0.078449;0.323252;0.0;0.0;0.0;2.88213;2.885023;1.47921;0.0;0.0;0.086347;6.893461;2.526111
Nicaragua;2019;5.872003;4.832577;4.964334;0.0;0.0;0.51596;28.013776;6.880998;0.0;0.0;0.085942;0.0;0.0;0.0;2.628594;2.801272;0.817148;0.0;0.0;0.092306;7.129325;3.028037
Nicaragua;2020;5.872003;4.832577;4.964334;0.0;0.0;0.51596;28.013776;6.880998;0.0;0.0;0.0;0.0;0.0;0.203844;1.97976;2.762323;2.068096;0.0;0.0;0.093439;4.12779;2.637999
Nicaragua;2021;5.872003;4.832577;5.001925;0.0;0.0;0.513721;27.843134;6.881155;0.0;0.0;0.006358;0.052678;0.247721;0.053586;2.360988;2.642508;2.156508;0.0;0.0;0.098172;4.671144;3.235644
Panamá;2000;0.0;0.0;19.334722;0.0;0.0;0.0;20.135736;0.0;0.276726;0.0;0.00705;0.0;0.0;0.0;0.0;0.0;12.3048;0.0;0.0;0.0;5.28696;0.0
Panamá;2001;0.0;0.0;19.334722;0.0;0.0;0.0;20.485786;0.0;0.0;0.0;0.0;0.0;0.0;0.001953;0.0;0.0;8.99712;0.0;0.0;0.0;9.45108;0.0
Panamá;2002;0.0;0.0;22.106736;0.0;0.0;0.0;22.775299;0.0;0.0;0.0;0.0;0.161575;0.001975;0.006517;0.0;0.0;12.24252;0.0;0.0;0.0;6.80976;0.0
Panamá;2003;0.0;0.0;26.269488;0.0;0.0;0.0;22.775299;0.0;0.012182;0.171509;0.0;0.279357;0.005472;0.0;0.0;0.0;10.16424;0.0;0.0;0.0;9.91152;0.0
Panamá;2004;0.0;0.0;26.679456;0.0;0.0;0.0;20.883139;0.0;0.007096;0.306011;0.274583;0.0;0.0;0.0;0.0;0.0;13.6026;0.0;0.0;0.0;7.13484;0.0
Panamá;2005;0.0;0.0;26.679456;0.0;0.0;0.0;20.879986;0.0;0.0;0.0;0.324182;0.0;0.0;0.0;0.0;0.0;13.40532;0.0;0.0;0.0;7.57152;0.0
Panamá;2006;0.0;0.0;26.695224;0.0;0.0;0.0;19.577549;0.0;0.0;0.0;0.0;0.002974;0.0;0.142094;0.0;0.0;12.88764;0.0;0.0;0.0;8.6742;0.0
Panamá;2007;0.0;0.0;26.695224;0.0;0.0;0.0;20.946211;0.0;0.0;0.003678;0.0;0.006517;0.171214;0.242373;0.0;0.0;13.3416;0.0;0.0;0.0;9.81036;0.0
Panamá;2008;0.0;0.0;27.404784;0.0;0.0;0.0;24.825139;0.0;0.224153;0.006823;0.032776;0.0;0.305773;0.0;0.0;0.0;14.29812;0.0;0.0;0.0;8.77428;0.0
Panamá;2009;0.0;0.0;27.71699;0.0;0.0;0.0;29.568154;0.0;0.276386;0.0;0.00713;0.0;0.0;0.0;0.0;0.0;14.02848;0.0;0.0;0.0;10.78344;0.0
Panamá;2010;0.0;0.0;29.542925;0.0;0.0;0.0;32.721754;0.0;0.0;0.0;0.0;0.0;0.0;0.001953;0.0;0.0;15.09804;0.0;0.0;0.0;11.40228;0.0
Panamá;2011;0.0;0.0;42.649286;0.0;0.0;0.0;31.280558;0.0;0.0;0.0;0.0;0.176561;0.001975;0.006517;0.0;0.0;14.75352;0.0;0.0;0.0;13.32144;0.0
Panamá;2012;0.0;0.0;46.329538;0.0;0.0;0.0;29.943432;0.0;0.014481;0.188028;0.0;0.327525;0.005472;0.0;0.0;0.0;19.39716;0.0;0.0;0.0;11.48184;0.0
Panamá;2013;0.63072;0.0;47.108477;0.0;0.0;0.0;32.854205;0.0;0.007379;0.277478;0.290136;0.0;0.0;0.0;0.00576;0.0;18.55548;0.0;0.0;0.0;13.56768;0.0
Panamá;2014;1.73448;0.0;51.195542;0.0;0.0;0.075686;36.197021;0.0;0.0;0.0;0.349748;0.0;0.0;0.0;0.41868;0.0;18.12168;0.0;0.0;0.00468;14.77692;0.0
Panamá;2015;7.96284;0.0;54.431136;0.0;0.0;1.362355;37.912579;0.0;0.0;0.0;0.0;0.001975;0.0;0.143354;1.5066;0.0;22.52376;0.0;0.0;0.05904;12.85308;0.0
Panamá;2016;8.51472;0.0;55.777723;0.0;0.0;2.816165;38.937499;0.255442;0.0;0.010252;0.000597;0.006641;0.166582;0.281934;2.25072;0.0;23.481;0.0;0.0;0.25704;13.08204;0.0
Panamá;2017;8.51472;0.0;56.048933;0.0;0.0;4.509648;38.628446;0.255442;0.266147;0.006573;0.052655;0.0;0.306011;0.0;1.76832;0.0;26.1126;0.0;0.0;0.56124;11.19132;0.0342
Panamá;2018;8.51472;0.0;56.030011;0.0;0.0;5.95715;60.19907;0.255442;0.277674;0.0;0.00713;0.0;0.0;0.0;2.11644;0.0;28.27872;0.0;0.0;0.83736;9.1386;0.06336
Panamá;2019;8.51472;0.0;56.622888;0.0;0.0;6.240974;57.376598;0.255442;0.0;0.0;0.0;0.0;0.0;0.001953;2.60856;0.0;18.34668;0.0;0.0;1.06128;24.42852;0.07308
Panamá;2020;8.51472;0.0;57.433363;0.0;0.0;6.717168;57.376598;0.255442;0.0;0.0;0.0;0.171225;0.001975;0.006517;2.10312;0.0;26.45712;0.0;0.0;1.14084;16.15464;0.10728
Panamá;2021;8.51472;0.0;57.433363;0.0;0.0;13.894762;53.563896;0.255442;0.028812;0.206227;3.4e-05;0.315775;0.004643;0.0;1.90656;0.0;30.03048;0.0;0.0;2.10816;15.8652;0.081
Paraguay;2000;0.0;0.0;233.68176;0.0;0.0;0.0;0.19237;0.0;0.0;0.02316;0.579705;0.0;0.0;0.0;0.0;0.0;192.53304;0.0;0.0;0.0;0.002952;0.0
Paraguay;2001;0.0;0.0;233.68176;0.0;0.0;0.0;0.19237;0.0;0.0;0.0;0.02316;0.0;0.0;1.100477;0.0;0.0;163.1088;0.0;0.0;0.0;0.001728;0.0
Paraguay;2002;0.0;0.0;233.68176;0.0;0.0;0.0;0.19237;0.0;0.0;0.0;0.000131;0.841254;1.345959;0.383639;0.0;0.0;173.52972;0.0;0.0;0.0;0.001836;0.0
Paraguay;2003;0.0;0.0;233.68176;0.0;0.0;0.0;0.19237;0.0;1.799238;0.920725;0.0;0.0;0.402951;0.018278;0.0;0.0;186.339996;0.0;0.0;0.0;0.001512;0.0
Paraguay;2004;0.0;0.0;233.68176;0.0;0.0;0.0;0.19237;0.0;0.594078;0.0;0.994519;0.0;0.017143;0.0;0.0;0.0;187.124508;0.0;0.0;0.0;0.0018;0.0
Paraguay;2005;0.0;0.0;233.68176;0.0;0.0;0.0;0.19237;0.0;0.02316;0.0;0.0;0.0;0.0;0.0;0.0;0.0;184.165236;0.0;0.0;0.0;0.00234;0.0
Paraguay;2006;0.0;0.0;233.68176;0.0;0.0;0.0;0.19237;0.0;6.3e-05;0.0;0.003385;1.207637;0.0;0.841254;0.0;0.0;193.584024;0.0;0.0;0.0;0.002736;0.0
Paraguay;2007;0.0;0.0;255.75696;0.0;0.0;0.0;0.19237;0.0;0.0;1.533089;0.0;0.368381;0.841254;0.0;0.0;0.0;193.371264;0.0;0.0;0.0;0.002268;0.0
Paraguay;2008;0.0;0.0;255.75696;0.0;0.0;0.0;0.19237;0.0;0.920725;0.542989;2.129178;0.018278;0.0;0.0;0.0;0.0;199.638324;0.0;0.0;0.0;0.00234;0.0
Paraguay;2009;0.0;0.0;255.75696;0.0;0.0;0.0;0.19237;0.0;0.0;0.02316;0.609926;0.0;0.0;0.0;0.0;0.0;197.78022;0.0;0.0;0.0;0.002664;0.0
Paraguay;2010;0.0;0.0;255.75696;0.0;0.0;0.0;0.19237;0.0;0.0;0.0;0.02316;0.0;0.0;1.137544;0.0;0.0;194.633172;0.0;0.0;0.0;0.002952;0.0
Paraguay;2011;0.0;0.0;255.75696;0.0;0.0;0.0;0.19237;0.0;0.0;0.0;0.00016;0.841254;1.347525;0.391575;0.0;0.0;207.446724;0.0;0.0;0.0;0.00324;0.0
Paraguay;2012;0.0;0.0;276.25536;0.0;0.0;0.0;0.19237;0.0;1.964089;0.920725;0.018278;0.0;0.53158;0.018278;0.0;0.0;216.833544;0.0;0.0;0.0;0.011052;0.0
Paraguay;2013;0.0;0.0;276.25536;0.0;0.0;0.0;0.463579;0.0;0.601003;0.0;0.994519;0.0;0.017143;0.0;0.0;0.0;217.360224;0.0;0.0;0.0;0.011448;0.0
Paraguay;2014;0.0;0.0;276.25536;0.0;0.0;0.0;0.463579;0.0;0.02316;0.0;0.0;0.0;0.0;0.0;0.0;0.0;198.995148;0.0;0.0;0.0;0.021348;0.0
Paraguay;2015;0.0;0.0;276.25536;0.0;0.0;0.0;0.463579;0.0;6.7e-05;0.0;0.005699;1.301446;0.0;0.841254;0.0;0.0;200.674044;0.0;0.0;0.0;0.004932;0.0
Paraguay;2016;0.0;0.0;276.25536;0.0;0.0;0.0;0.015768;0.0;0.0;1.71461;0.0;0.368369;0.841254;0.0;0.0;0.0;229.57254;0.0;0.0;0.0;0.0045;0.0
Paraguay;2017;0.0;0.0;276.25536;0.0;0.0;0.0;0.015768;0.0;0.920725;0.560666;2.186597;0.017143;0.0;0.0;0.0;0.0;214.861752;0.0;0.0;0.0;0.005436;0.0
Paraguay;2018;0.0;0.0;276.25536;0.0;0.0;0.0;0.015768;0.0;0.0;0.02316;0.636542;0.0;0.0;0.0;0.0;0.0;213.159384;0.0;0.0;0.0;0.00558;0.0
Paraguay;2019;0.0;0.0;276.633792;0.0;0.0;0.0;0.015768;0.0;0.0;1e-06;0.02316;0.0;0.0;1.177325;0.0;0.0;178.003728;0.0;0.0;0.0;0.007344;0.0
Paraguay;2020;0.001734;0.0;276.633792;0.0;0.0;0.004743;0.015768;0.0;0.0;0.0;0.000181;0.841254;1.481802;0.378031;0.0;0.0;166.935744;0.0;0.0;0.0;0.006912;0.0
Paraguay;2021;0.001734;0.0;276.25536;0.0;0.0;0.004743;0.015768;0.0;2.064994;0.920725;0.142026;0.0;0.549767;0.018278;0.0;0.0;146.067156;0.0;0.0;0.0;0.007117;0.0
Perú;2000;0.022075;0.0;90.092833;0.0;0.0;0.0;101.188428;0.0;0.0;0.0;0.0;0.0;0.0;0.0;0.003045;0.0;58.233785;0.0;0.0;0.0;13.484881;0.0
Perú;2001;0.022075;0.0;93.54612;0.0;0.0;0.0;91.979947;0.725328;0.00017;0.0;0.0;4.675634;0.0;0.93942;0.004415;0.0;63.413857;0.0;0.0;0.0;11.354045;0.057056
Perú;2002;0.022075;0.0;94.496709;0.0;0.0;0.0;91.938856;0.725328;0.002838;5.793251;0.0;0.000693;1.015873;0.0;0.004415;0.0;64.94446;0.0;0.0;0.0;14.1221;0.065388
Perú;2003;0.022075;0.0;95.626834;0.0;0.0;0.0;91.89767;0.725328;1.050992;0.000693;5.965406;0.0;0.0;0.0;0.004415;0.0;66.721395;0.0;0.0;0.0;15.397124;0.40114
Perú;2004;0.022075;0.0;96.369841;0.0;0.0;0.0;92.61338;0.725328;0.0;0.0;0.000693;0.0;0.0;0.0;0.004415;0.0;63.09122;0.0;0.0;0.0;23.967107;0.298502
Perú;2005;0.022075;0.0;101.137895;0.0;0.0;0.0;93.654478;0.725328;0.0;0.000102;0.0;0.0;0.0;4.166159;0.004415;0.0;64.717176;0.0;0.0;0.0;26.809064;0.304397
Perú;2006;0.022075;0.0;101.419858;0.0;0.0;0.0;107.803955;0.725328;0.0;0.002838;0.000304;1.006053;5.282936;0.000693;0.004415;0.0;70.53965;0.0;0.0;0.0;27.657703;0.329615
Perú;2007;0.022075;0.0;101.974753;0.0;0.0;0.0;118.897626;0.725328;6.010873;1.021376;0.005676;0.0;0.000693;0.0;0.004415;0.0;70.375615;0.0;0.0;0.0;37.007256;0.407683
Perú;2008;0.022075;0.0;102.240532;0.0;0.0;0.0;122.744703;0.725328;0.000693;0.0;1.121159;0.0;0.0;0.0;0.004415;0.0;68.614624;0.0;0.0;0.0;47.844948;0.403195
Perú;2009;0.022075;0.0;103.358105;0.0;0.0;0.0;147.75663;0.725328;0.0;0.0;0.0;0.0;2e-06;0.0;0.004415;0.0;71.653595;0.0;0.0;0.0;46.468499;0.47454
Perú;2010;0.022075;0.0;108.408217;0.0;0.0;0.0;162.449978;0.725328;0.000212;0.0;0.0;5.059001;0.0;0.98569;0.004415;0.0;72.187665;0.0;0.0;0.0;56.21391;0.862839
Perú;2011;0.022075;0.0;108.829254;0.0;0.0;0.0;162.234461;3.003804;0.002838;5.801984;0.0;0.000693;1.015794;0.0;0.004415;0.0;77.606376;0.0;0.0;0.0;61.175427;0.91704
Perú;2012;0.022075;0.0;109.870604;0.0;0.0;2.52288;189.000704;4.45446;1.103316;0.000693;7.280767;0.0;0.0;0.0;0.004415;0.0;79.358548;0.0;0.0;0.2001;66.683455;1.425581
Perú;2013;0.022075;0.0;112.147756;0.0;0.0;2.52288;229.348304;4.45446;0.0;0.0;0.001669;0.0;0.0;0.0;0.004415;0.0;80.350425;0.0;0.0;0.70894;73.15183;1.773021
Perú;2014;4.500187;0.0;115.480575;0.0;0.0;3.027456;225.823115;4.45446;0.0;0.000127;0.0;0.0;0.0;4.373021;0.927146;0.0;79.958374;0.0;0.0;0.717493;80.770307;1.60603
Perú;2015;7.562333;0.0;130.932521;0.0;0.0;3.027456;239.856004;3.002227;0.0;0.002838;0.000326;1.013341;5.536689;0.000693;2.144162;0.0;85.401891;0.0;0.0;0.828919;83.938814;1.459668
Perú;2016;7.567063;0.0;163.64803;0.0;0.0;3.1536;278.851404;4.610563;5.895727;1.021438;0.006812;0.0;0.000693;0.0;3.829785;0.0;87.018076;0.0;0.0;0.867631;92.796504;1.60791
Perú;2017;7.567063;0.0;165.435648;0.0;0.0;7.710047;279.037056;4.925923;0.000693;0.0;1.239718;0.0;0.0;0.0;3.864356;0.0;104.668249;0.0;0.0;1.033921;78.709013;1.444653
Perú;2018;11.739276;0.0;169.139079;0.0;0.0;8.971487;282.748212;5.00161;0.0;0.0;0.0;0.0;1.1e-05;0.0;5.408777;0.0;110.654847;0.0;0.0;2.683442;77.405967;1.462332
Perú;2019;11.739276;0.0;170.206257;0.0;0.0;9.114976;280.167117;5.686256;0.000272;0.0;0.0;5.284984;0.002838;1.026536;5.95814;0.0;113.263518;0.0;0.0;2.747011;81.162557;1.955388
Perú;2020;12.897909;0.0;170.817361;0.0;0.0;9.114976;280.344097;5.761943;0.002838;5.867901;0.0;0.000693;1.020759;0.0;6.530768;0.0;109.837095;0.0;0.0;2.801542;68.780448;1.927505
Perú;2021;12.897909;0.0;173.882377;0.0;0.0;9.035379;282.45928;5.49704;1.1101;0.000693;7.430773;0.0;0.0;0.0;6.56127;0.0;114.932451;0.0;0.0;2.886111;80.225371;2.024054
República Dominicana;2000;0.0;0.0;12.677472;0.0;0.0;0.0;67.325891;0.0;0.0;0.0;0.0;0.0;0.0;0.141595;0.0;0.0;3.36121;0.0;0.0;0.0;43.848683;0.0
República Dominicana;2001;0.0;0.0;12.992832;0.0;0.0;0.0;78.314926;0.0;0.0;0.0;0.0;0.011879;0.15381;0.505093;0.0;0.0;2.5056;0.0;0.0;0.0;31.4604;0.0
República Dominicana;2002;0.0;0.0;14.632704;0.0;0.0;0.0;77.599058;0.0;0.185602;0.011955;0.0;0.0;0.496993;0.0;0.0;0.0;3.1356;0.0;0.0;0.0;33.1596;0.0
República Dominicana;2003;0.0;0.0;14.632704;0.0;0.0;0.0;90.979152;0.0;0.558333;0.0;0.012;0.0;0.0;0.0;0.0;0.0;4.2948;0.0;0.0;0.0;33.1308;0.0
República Dominicana;2004;0.0;0.0;14.632704;0.0;0.0;0.0;87.715176;0.0;0.0;0.0;0.0;0.0;0.0;0.0;0.0;0.0;5.76;0.0;0.0;0.0;26.1612;0.0
República Dominicana;2005;0.0;0.0;14.632704;0.0;0.0;0.0;84.936855;0.0;0.0;0.0;0.00965;0.145768;0.0;0.012239;0.0;0.0;6.8688;0.0;0.0;0.0;28.494;0.0
República Dominicana;2006;0.0;0.0;14.790384;0.0;0.0;0.0;85.00308;0.0;0.0;0.170213;0.0;0.493729;0.011879;0.0;0.0;0.0;6.3;0.0;0.0;0.0;32.2488;0.0
República Dominicana;2007;0.0;0.0;14.790384;0.0;0.0;0.0;85.00308;0.0;0.011955;0.504088;0.222482;0.0;0.0;0.0;0.0;0.0;6.1236;0.0;0.0;0.0;33.7932;0.0
República Dominicana;2008;0.0;0.0;14.884992;0.0;0.0;0.0;77.077138;0.0;0.0;0.0;0.522616;0.0;0.0;0.0;0.0;0.0;4.9824;0.0;0.0;0.0;36.8496;0.0
República Dominicana;2009;0.0;0.0;16.493328;0.0;0.0;0.0;76.868369;0.0;0.0;0.0;0.0;0.0;0.0;0.142197;0.0;0.0;5.2704;0.0;0.0;0.0;36.234;0.0
República Dominicana;2010;0.0;0.0;16.493328;0.0;0.0;0.0;76.773761;0.0;0.0;0.0;0.0;0.011879;0.160022;0.50691;0.0;0.0;5.1624;0.0;0.0;0.0;39.0168;0.0
República Dominicana;2011;1.040688;0.0;16.493328;0.0;0.0;0.0;77.131695;0.0;0.192946;0.011955;0.0;0.0;0.487184;0.0;0.0504;0.0;5.4144;0.0;0.0;0.0;39.456;0.0
República Dominicana;2012;2.68056;0.0;19.331568;0.0;0.0;0.0;90.050417;0.0;0.526318;0.0;0.013635;0.0;0.0;0.0;0.3384;0.0;6.3792;0.0;0.0;0.0;41.3712;0.0
República Dominicana;2013;2.68056;0.0;19.331568;0.0;0.0;0.0;97.152324;0.0;0.0;0.0;0.0;0.0;0.0;0.0;0.8604;0.0;10.0116;0.0;0.0;0.0;39.8628;0.0
República Dominicana;2014;2.68056;0.0;19.426176;0.0;0.0;0.0;96.749294;0.0;0.0;0.0;0.00965;0.152966;0.0;0.012239;0.8604;0.0;4.5396;0.0;0.0;0.0;46.08;0.0
República Dominicana;2015;2.68056;0.0;19.426176;0.0;0.0;0.0;90.706997;0.0;0.0;0.173196;0.0;0.506319;0.011879;0.0;1.0224;0.0;3.3624;0.0;0.0;0.0;49.5072;0.0
República Dominicana;2016;4.25736;0.0;19.426176;0.0;0.0;0.94608;90.155117;0.0;0.011955;0.506336;0.256173;0.0;0.0;0.0;1.1268;0.0;5.4036;0.0;0.0;0.0828;50.2416;0.0
República Dominicana;2017;4.25736;0.0;19.426176;0.0;0.0;0.94608;91.364522;0.94608;0.0;0.0;0.529315;0.0;0.0;0.0;1.3608;0.0;7.8336;0.0;0.0;0.1692;48.920256;0.493344
República Dominicana;2018;5.771088;0.0;19.426176;0.0;0.0;2.554416;96.772946;0.94608;0.003746;0.0;0.0;0.0;0.0;0.149942;1.7316;0.0;6.3396;0.0;0.0;0.2952;51.254316;0.726084
República Dominicana;2019;11.66832;0.0;19.646928;0.0;0.0;4.88808;117.031673;0.94608;0.0;0.0;0.0;0.011888;0.170078;0.496124;2.8404;0.0;3.690468;0.0;0.0;0.57456;58.52448;0.7434
República Dominicana;2020;11.66832;0.0;19.646928;0.0;0.0;4.88808;117.043026;0.94608;0.214004;0.011955;0.0;0.0;0.49739;0.0;4.1004;0.0;4.482;0.0;0.0;1.098;56.794691;0.603709
República Dominicana;2021;11.676204;0.0;19.655758;0.0;0.0;9.633617;115.907414;0.94608;0.517735;0.0;0.013635;0.0;0.0;0.0;4.4316;0.0;5.3856;0.0;0.0;1.7496;64.864835;0.806365
Uruguay;2000;0.0;0.0;48.502368;0.0;0.0;0.0;17.434331;0.432989;0.0;0.0;0.00134;0.024617;0.0;6.932458;0.0;0.0;25.382405;0.0;0.0;0.0;1.782201;0.151996
Uruguay;2001;0.0;0.0;48.502368;0.0;0.0;0.0;16.409947;0.432989;0.0;0.03035;0.000681;0.050562;8.067311;0.0;0.0;0.0;33.097583;0.0;0.0;0.0;0.053879;0.146783
Uruguay;2002;0.0;0.0;48.502368;0.0;0.0;0.0;16.356083;0.432989;9.162193;0.058708;0.04867;0.0;0.0;0.0;0.0;0.0;34.326932;0.0;0.0;0.0;0.095134;0.0
Uruguay;2003;0.0;0.0;48.502368;0.0;0.0;0.0;16.32205;0.424159;0.0;0.0;0.083581;0.0;5.7e-05;0.0;0.0;0.0;30.706376;0.0;0.0;0.0;0.023774;0.0
Uruguay;2004;0.0;0.0;48.502368;0.0;0.0;0.0;15.717218;0.424159;0.001056;0.0;0.0;0.0;0.0;0.022859;0.0;0.0;17.210696;0.0;0.0;0.0;3.876473;0.098179
Uruguay;2005;0.0;0.0;48.502368;0.0;0.0;0.0;15.666738;0.455695;0.0;0.0;0.0;7.685727;0.03035;0.050439;0.0;0.0;24.061032;0.0;0.0;0.0;3.44282;0.088042
Uruguay;2006;0.0;0.0;48.502368;0.0;0.0;0.0;21.983367;0.455695;0.044627;8.803653;0.0;0.0;0.051833;0.0;0.0;0.0;12.762324;0.0;0.0;0.0;7.096187;0.139
Uruguay;2007;0.0;0.0;48.502368;0.0;0.0;0.0;21.929125;5.443114;0.078902;0.0;9.765589;5.7e-05;0.0;0.0;0.0;0.0;28.876118;0.0;0.0;0.0;4.408639;0.482594
Uruguay;2008;0.460426;0.0;48.502368;0.0;0.0;0.002324;25.244568;5.443114;0.0;0.000851;0.0;0.0;0.0;0.0;0.026248;0.0;16.202556;0.0;0.0;0.0;12.199446;3.140705
Uruguay;2009;0.965002;0.0;48.502368;0.0;0.0;0.003469;27.698069;5.443114;0.0;0.0;0.001334;0.029215;0.0;7.085269;0.151553;0.0;18.215237;0.0;0.0;0.0;9.482526;3.347672
Uruguay;2010;1.280362;0.0;48.502368;0.0;0.0;0.004503;27.616075;7.429882;0.0;0.037616;0.000681;0.050428;8.364634;0.0;0.25169;0.0;30.265754;0.0;0.0;0.0;4.194292;3.923456
Uruguay;2011;1.375127;0.0;48.502368;0.0;0.0;0.012272;27.616075;7.666402;9.361537;0.065434;0.050629;0.0;0.0;0.0;0.400705;0.0;23.324033;0.0;0.0;0.0;9.457819;4.059169
Uruguay;2012;1.658951;0.0;48.502368;0.0;0.0;0.01918;33.923275;7.792546;0.0;0.0;0.083449;0.0;5.7e-05;0.0;0.404842;0.0;19.515157;0.0;0.0;0.0;13.493891;4.729594
Uruguay;2013;1.87379;0.0;48.502368;0.0;0.0;0.0497;40.205246;13.153666;0.001362;0.0;0.0;0.0;0.0;0.022859;0.518594;0.0;29.541301;0.0;0.0;0.0;6.694322;5.212649
Uruguay;2014;15.177567;0.0;48.502368;0.0;0.0;0.116912;40.205246;13.172587;0.000681;0.0;0.0;7.843476;0.03035;0.050218;2.637605;0.0;34.736868;0.0;0.0;0.012337;2.627168;6.815761
Uruguay;2015;27.018641;0.0;48.502368;0.0;0.0;2.032807;34.743211;13.487947;0.048036;8.924562;0.0;0.0;0.050988;0.0;7.434425;0.0;29.757571;0.0;0.0;0.175298;3.465515;8.598114
Uruguay;2016;38.204461;0.0;48.502368;0.0;0.0;2.805138;20.394331;13.487947;0.083006;0.0;10.126027;5.7e-05;0.0;0.0;10.779653;0.0;28.232053;0.0;0.0;0.54688;1.667741;8.757796
Uruguay;2017;47.64041;0.0;48.502368;0.0;0.0;7.651213;26.070811;13.125283;0.0;0.000863;0.0;0.0;0.0;0.0;13.588114;0.0;27.064285;0.0;0.0;0.966809;0.897056;9.1913
Uruguay;2018;47.64041;0.0;48.502368;0.0;0.0;7.832784;37.423771;13.125283;0.0;0.0;0.001334;0.03035;0.0;7.319651;17.03596;0.0;23.60385;0.0;0.0;1.488787;1.408869;9.106124
Uruguay;2019;47.74511;0.0;48.502368;0.0;0.0;7.998173;37.108411;13.127491;0.0;0.044565;0.000681;0.051301;8.726907;0.0;17.108479;0.0;29.18979;0.0;0.0;1.524684;1.132782;8.968722
Uruguay;2020;47.74511;0.0;48.502368;0.0;0.0;8.138933;37.108411;13.127491;9.569864;0.0712;0.05065;0.0;0.0;5.7e-05;19.711804;0.0;14.738193;0.0;0.0;1.66338;2.969472;9.722882
Uruguay;2021;47.74511;0.0;48.502368;0.0;0.0;8.419996;37.108411;13.132221;0.0;0.0;0.083171;0.0;0.0;0.0;17.96868;0.0;18.98208;0.0;0.0;1.74024;8.88912;9.85212
Venezuela;2000;0.0;0.0;416.74824;0.0;0.0;0.0;252.855648;0.0;0.0;0.012829;0.0;0.052871;2.511729;0.996591;0.0;0.0;226.1736;0.0;0.0;0.0;80.58708;0.0
Venezuela;2001;0.0;0.0;416.495952;0.0;0.0;0.0;255.788496;0.0;2.695232;0.058839;0.012488;0.0;1.865475;0.0;0.0;0.0;217.6164;0.0;0.0;0.0;106.28748;0.0
Venezuela;2002;0.0;0.0;393.916176;0.0;0.0;0.0;255.000096;0.0;2.470603;0.0;0.061435;0.0;0.0;0.0;0.0;0.0;208.208751;0.0;0.0;0.0;106.451068;0.0
Venezuela;2003;0.0;0.0;393.916176;0.0;0.0;0.0;255.000096;0.0;0.0;0.0;0.0;0.0;0.0;0.0;0.0;0.0;212.042658;0.0;0.0;0.0;111.298218;0.0
Venezuela;2004;0.0;0.0;437.215104;0.0;0.0;0.0;260.48736;0.0;0.0;0.0;0.0;2.336099;0.009196;0.049408;0.0;0.0;244.55268;0.0;0.0;0.0;93.968136;0.0
Venezuela;2005;0.0;0.0;454.585448;0.0;0.0;0.000631;231.888308;0.0;0.012375;2.559167;0.0;1.502008;0.054233;0.0;0.0;0.0;278.03232;0.0;0.0;0.0;97.65648;0.0
Venezuela;2006;0.0;0.0;460.356536;0.0;0.0;0.003154;240.275938;0.0;0.059981;2.037272;3.147403;0.0;0.0;0.0;0.0;0.0;293.56452;0.0;0.0;0.0;104.742;0.0
Venezuela;2007;0.0;0.0;460.356536;0.0;0.0;0.028382;250.494863;0.0;0.0;0.0;2.829921;0.0;0.0;0.0;0.0;0.0;299.3868;0.0;0.0;0.0;109.91376;0.0
Venezuela;2008;0.0;0.0;460.356536;0.0;0.0;0.03532;270.20644;0.0;0.0;0.0;0.0;0.002271;0.0;2.410574;0.0;0.0;312.6456;0.0;0.0;0.0;116.835336;0.0
Venezuela;2009;0.0;0.0;461.144936;0.0;0.0;0.047304;287.483437;0.0;0.0;0.012375;0.00113;0.052815;2.471308;0.965038;0.0;0.0;309.46464;0.0;0.0;0.0;139.897116;0.0
Venezuela;2010;0.0;0.0;461.144936;0.0;0.0;0.058972;322.343016;0.0;2.820769;0.059096;0.014759;0.0;1.892498;0.0;0.0;0.0;276.395148;0.0;0.0;0.008856;143.571276;0.0
Venezuela;2011;0.0;0.0;461.144936;0.0;0.0;0.075686;349.950262;0.0;2.52203;0.0;0.063732;0.0;0.0;0.0;0.0;0.0;299.735028;0.0;0.0;0.010728;142.497612;0.0
Venezuela;2012;0.940404;0.0;461.144936;0.0;0.0;0.084516;412.108664;0.0;0.0;0.0;0.0;0.0;0.0;0.0;0.0;0.0;294.66828;0.0;0.0;0.018792;165.427056;0.0
Venezuela;2013;1.583107;0.0;469.249688;0.0;0.0;0.090508;484.355432;0.0;1.1e-05;0.0;0.0;2.336099;0.009764;0.049408;0.317772;0.0;293.385528;0.0;0.0;0.019296;183.724344;0.0
Venezuela;2014;1.587617;0.0;469.249688;0.0;0.0;0.087891;489.889685;1.5768;0.013056;2.630154;0.0;1.854269;0.056932;0.0;0.394997;0.0;289.309752;0.0;0.0;0.020155;181.450152;0.26424
Venezuela;2015;1.589004;0.0;477.35444;0.0;0.0;0.089168;500.125009;1.5768;0.060425;2.001836;3.439003;0.0;0.0;0.0;0.26879;0.0;269.04816;0.0;0.0;0.020398;185.131656;0.210888
Venezuela;2016;1.589351;0.0;477.35444;0.0;0.0;0.08931;529.04226;1.5768;0.0;0.0;2.893382;0.0;0.0;0.0;0.35275;0.0;226.649592;0.0;0.0;0.020462;191.11644;0.039924
Venezuela;2017;1.592994;0.0;477.35444;0.0;0.0;0.14054;508.628061;1.5768;0.0;0.0;0.0;0.002271;0.0;2.420224;0.344336;0.0;252.127728;0.0;0.0;0.017644;144.688356;0.058824
Venezuela;2018;1.592994;0.0;476.219144;0.0;0.0;0.14054;487.241922;1.5768;0.0;0.012375;0.001255;0.053871;2.522288;1.296504;0.001544;0.0;235.014804;0.0;0.0;0.001264;96.98346;0.14724
Venezuela;2019;0.798287;0.0;476.912936;0.0;0.0;0.14054;539.181714;1.5768;2.920215;0.059742;0.014759;0.0;1.944286;0.0;0.21456;0.0;226.04184;0.0;0.0;0.001215;54.96156;0.0
Venezuela;2020;0.798287;0.0;476.912936;0.0;0.0;0.14054;532.211722;1.5768;2.594724;0.0;0.071419;0.0;0.0;0.0;0.07042;0.0;241.884075;0.0;0.0;0.001296;51.855629;0.001861
Venezuela;2021;0.798287;0.0;537.43052;0.0;0.0;0.14054;573.9552;1.5768;0.0;0.0;0.0;0.0;0.0;0.0;0.06368;0.0;244.243295;0.0;0.0;0.001312;57.630449;0.002233
